,themes_map
0,"['魔法与传说', '信仰与选择', '忠诚与团结', '政治与权力', '勇气与冒险', '文化传承']"
1,"['忠诚与承诺', '友情', '生死与和平', '政治与权力', '历史与文明']"
2,"['政治与权力', '忠诚与承诺', '团结与支持', '勇气与冒险', '牺牲奉献', '真相与谎言']"
3,"['技术与未来', '探险与冒险', '勇气与冒险', '忠诚与团结', '信任与诚实']"
4,['真相与谎言']
5,"['家庭团圆', '友情', '忠诚与承诺', '勇气与冒险', '犯罪与黑帮', '汽车文化']"
6,"['友情', '儿童与成长', '探险与冒险', '忠诚与承诺']"
7,"['友情与成长', '人与自然', '儿童与成长', '家庭']"
8,"['友情', '成长', '儿童与成长', '勇气与冒险', '自信']"
9,"['犯罪与黑帮', '政治与权力', '面对困境与挑战', '忠诚与承诺']"
10,"['儿童与成长', '友情', '忠诚与团队合作', '勇气与冒险', '教育', '自信']"
11,"['复仇与救赎', '父女关系', '信任和背叛', '职业道德', '自我发现', '黑暗世界']"
12,"['青春与成长', '探险与冒险', '人与自然', '友情', '奇幻世界']"
13,"['人与自然', '友情', '自我成长与挑战', '勇气与冒险']"
14,"['农村与城市的差异', '自我发现', '爱情与友谊', '民间传说与传统文化', '适应与融入', '勇敢面对']"
15,"['人与自然', '勇敢面对', '自我发现', '适应与融入', '爱情与友谊', '冒险']"
16,"['职业道德', '信任和背叛', '勇敢面对', '爱情与友谊', '奉献和牺牲', '家庭团圆']"
17,"['团结与支持', '勇气与冒险', '忠诚与承诺', '政治与权力', '生死与和平', '历史与文明']"
18,"['犯罪与黑帮', '心理与健康', '信任与诚实']"
19,"['社会平等', '友情', '勇敢面对', '社会和谐', '适应与融入', '自我发现']"
20,"['自我发现', '爱情与友谊', '青春与成长', '爱情与选择']"
21,"['勇气与冒险', '忠诚与团结', '生死与和平', '坚定信念', '勇敢面对']"
22,"['女性力量与平等', '家庭矛盾与和解', '法律与正义', '勇敢面对', '亲情疏远与和解', '信任和背叛']"
23,"['团结与支持', '勇敢面对', '文化传承', '童年回忆', '冒险与探险', '运动精神']"
24,"['人与自然', '战斗与生存', '家庭团圆', '勇气与冒险', '团结与支持', '技术与未来']"
25,"['自我发现', '勇敢面对', '爱情与友谊', '人与自然', '敌对与和解', '儿童与成长']"
26,"['家庭团圆', '姐妹情谊', '勇气与冒险', '心灵成长', '爱情与友谊', '自我接受']"
27,"['女性力量与平等', '自我发现', '勇气与冒险', '忠诚与承诺', '家庭团圆', '文化传承']"
28,"['复仇与救赎', '信任和背叛', '勇气与冒险', '忠诚与团结', '敌对与和解']"
29,"['环保意识', '友谊', '勇气与冒险', '团结与支持', '亲情与关怀']"
30,"['生存挑战', '面对困境与挑战', '战斗与生存', '勇气与冒险']"
31,"['人与自然', '人与自然', '技术与未来', '民间传说与传统文化', '勇气与冒险', '团结与支持']"
32,"['奇幻世界', '灵异现象']"
33,"['生死与和平', '团结与支持', '忠诚与承诺', '勇气与冒险', '牺牲奉献', '坚定信念']"
34,"['友情与成长', '自我成长', '坚定信念', '家庭团圆', '面对困境与挑战']"
35,"['生死与和平', '忠诚与团结', '历史与文明', '勇气与冒险', '牺牲奉献']"
36,"['政治与权力', '忠诚与承诺', '真相与谎言', '阴谋与权谋']"
37,"['团结与支持', '牺牲奉献', '勇气与冒险', '忠诚与承诺']"
38,"['探险与冒险', '人与自然', '历史与文明', '勇气与冒险', '友谊']"
39,"['自我发现', '家庭团圆', '勇气与冒险', '爱情与友谊', '魔法与传说', '反叛与救赎']"
40,"['人与自然', '技术与未来', '勇气与冒险', '友情', '民间传说与传统文化', '自我成长']"
41,"['勇气与冒险', '忠诚与承诺', '人与自然', '家庭团圆', '信任与诚实', '坚定信念']"
42,"['自我发现', '友谊', '勇气与冒险', '团结与支持', '信任与诚实', '适应与融入']"
43,"['环保意识', '动物与人类和谐共处', '自我发现', '友谊', '探险精神', '乐观向上']"
44,"['爱情与选择', '自我发现', '友情', '信任和背叛', '忠诚与承诺']"
45,"['牺牲奉献', '忠诚与承诺', '勇气与冒险', '团结与支持']"
46,"['技术与未来', '友谊', '忠诚与承诺', '勇气与冒险', '真相与谎言']"
47,"['友情与成长', '勇气与冒险', '忠诚与团结', '亲情与关怀', '自我发现']"
48,"['探险与冒险', '勇气与冒险', '忠诚与承诺', '信任和背叛', '黑帮与善恶较量', '道义与背叛']"
49,"['友情与成长', '非亲生家庭关系', '团结与支持', '勇气与冒险', '黑帮与善恶较量']"
50,"['政治与权力', '犯罪与黑帮', '忠诚与承诺', '勇气与冒险', '面对困境与挑战']"
51,"['复仇与救赎', '信任和背叛', '黑暗世界', '犯罪与黑帮']"
52,"['真实事件改编', '勇气与冒险', '团结与支持', '忠诚与承诺', '生死抉择与奋斗', '生死与和平']"
53,"['青春与成长', '友情', '探险精神', '勇气与冒险', '多元宇宙']"
54,"['生死抉择与奋斗', '人与自然', '探险精神', '战斗与生存', '动物与人类和谐共处']"
55,"['自我发现', '友情与牺牲', '环保意识', '勇敢面对', '探险精神']"
56,"['生死与和平', '历史与文明', '勇气与冒险', '忠诚与承诺', '牺牲奉献', '生死抉择与奋斗']"
57,"['复仇与救赎', '信任和背叛', '职业道德', '黑暗世界', '勇敢面对', '忠诚与团结']"
58,"['环保意识', '友情', '勇气与冒险', '团结与支持', '自我发现', '动物与人类和谐共处']"
59,"['家庭团圆', '友情与成长', '敌对与和解', '信任与诚实', '勇敢面对']"
60,"['忠诚与承诺', '信任与诚实', '牺牲奉献', '勇气与冒险', '黑暗世界']"
61,"['友情', '自我发现', '探险精神', '乐观向上', '黑帮与善恶较量']"
62,"['忠诚与团队合作', '自我发现', '勇敢面对', '友谊', '动物与人类和谐共处']"
63,"['自我成长', '友情', '技术与未来', '勇敢面对', '忠诚与团队合作', '黑帮与善恶较量']"
64,"['自我成长', '勇气与冒险', '忠诚与团队合作', '黑帮与善恶较量', '技术与未来', '信任和背叛']"
65,"['技术与未来', '人工智能', '自我成长', '人类潜能', '选择与责任']"
66,"['勇气与冒险', '忠诚与承诺', '团结与支持', '历史与文明', '生死与和平', '奉献和牺牲']"
67,"['自我成长与发现', '勇敢面对', '姐妹情谊', '人与自然', '文化传承', '探险精神']"
68,"['官场腐败', '黑帮与善恶较量', '反腐倡廉', '挑战与克服困难', '人性善恶', '诚实守信']"
69,"['自我发现', '友谊', '勇敢面对', '黑帮与善恶较量', '忠诚与承诺']"
70,"['牺牲奉献', '忠诚与团结', '勇气与冒险', '生死与和平', '历史与文明', '生死抉择与奋斗']"
71,"['多元宇宙', '忠诚与团队合作', '勇气与冒险', '接受和包容', '人类潜能', '选择与责任']"
72,"['忠诚与团队合作', '勇气与冒险', '忠诚与承诺', '黑帮与善恶较量']"
73,"['黑暗世界', '职业道德', '复仇与救赎', '信任和背叛']"
74,"['生死抉择与奋斗', '信任和背叛', '犯罪与黑帮', '职业道德', '勇敢面对']"
75,"['生存挑战', '战斗与生存', '勇气与冒险', '人与自然', '生死抉择与奋斗', '人与自然的关系']"
76,"['牺牲奉献', '忠诚与承诺', '团结与支持', '勇气与冒险', '历史与文明', '生死与和平']"
77,"['青春与成长', '宿命与选择', '时空错位', '爱与牺牲', '灵魂互换']"
78,"['魔法与传说', '阴阳冲突', '灵异现象', '人妖之间', '勇敢面对', '真相与谎言']"
79,"['环保意识', '忠诚与团队合作', '自我发现', '动物与人类和谐共处', '友谊', '探险精神']"
80,"['信任和背叛', '忠诚与承诺', '勇气与冒险', '爱情与友谊', '职业道德']"
81,"['忠诚与团队合作', '勇气与冒险', '忠诚与承诺', '生死抉择与奋斗', '敌对与和解']"
82,"['人类与机器人的关系', '技术与未来', '忠诚与团队合作', '黑帮与善恶较量']"
83,"['忠诚与承诺', '团结与支持', '勇气与冒险', '牺牲奉献', '生死与和平', '生死抉择与奋斗']"
84,"['灵异现象', '阴阳冲突', '真相与谎言', '诅咒与解除']"
85,"['职业道德', '犯罪与黑帮', '黑帮与善恶较量', '真相与谎言', '信任和背叛', '复仇与救赎']"
86,"['生死抉择与奋斗', '面对困境与挑战', '勇敢面对', '真相与谎言']"
87,"['心理与健康', '真相与谎言', '信任和背叛']"
88,"['文化传承', '魔法与传说', '勇气与冒险', '自我发现', '忠诚与团结']"
89,"['忠诚与承诺', '勇气与冒险', '生死抉择与奋斗', '忠诚与团队合作', '生死与和平']"
90,"['勇气与冒险', '忠诚与团结', '敌对与和解', '友情', '信任与诚实', '黑帮与善恶较量']"
91,"['信任和背叛', '牺牲奉献', '职业道德', '真相与谎言', '竞争与合作']"
92,"['人与自然', '友情', '勇气与冒险', '忠诚与团队合作', '自我发现', '动物与人类和谐共处']"
93,"['忠诚与承诺', '牺牲奉献', '历史与文明', '政治与权力', '守护与捍卫', '生死抉择与奋斗']"
94,"['神秘与恐怖', '灵异现象', '家庭秘密']"
95,"['自卑与自信', '勇敢面对', '邻里关系', '江湖武侠', '黑帮与善恶较量', '社会底层']"
96,"['家庭团圆', '牺牲奉献', '忠诚与团队合作', '信任和背叛', '自我发现', '勇敢面对']"
97,"['女性力量与平等', '勇气与冒险', '自信', '职业道德', '忠诚与团队合作', '信任和背叛']"
98,"['忠诚与团队合作', '忠诚与承诺', '勇气与冒险', '坚定信念']"
99,"['生死与和平', '忠诚与承诺', '忠诚与团队合作', '勇气与冒险']"
100,"['环保意识', '勇敢面对', '友谊', '自我成长与发现', '忠诚与团队合作', '探险精神']"
101,"['忠诚与团结', '爱情与选择']"
102,"['环保意识', '忠诚与团队合作', '勇敢面对', '自我发现', '动物与人类和谐共处', '探险与冒险']"
103,"['职业道德', '复仇与救赎', '信任和背叛', '黑暗世界', '真相与谎言']"
104,"['家庭团圆', '自我成长', '忠诚与团结', '勇气与冒险', '友情与成长']"
105,"['友情与成长', '家庭团圆', '探险与冒险', '友情与成长', '勇气与冒险', '变身与适应']"
106,"['自我发现', '友谊', '忠诚与团结', '勇气与冒险', '诚实与信任', '黑帮与善恶较量']"
107,"['人类与机器人的关系', '技术与未来', '选择与责任', '忠诚与团队合作', '友情与信任', '生死与和平']"
108,"['忠诚与背叛', '忠诚与团队合作', '职业道德', '信任和背叛', '政治阴谋', '勇敢面对']"
109,"['友情与团结', '勇气与冒险', '忠诚与团队合作', '乐观与积极', '音乐与情感', '自我成长与发现']"
110,['忠诚与团队合作']
111,"['生死抉择与奋斗', '勇气与冒险', '忠诚与团结', '生死与和平', '牺牲奉献', '忠诚与团队合作']"
112,"['友情与成长', '英雄成长', '探险精神', '忠诚与团队合作', '勇气与挑战', '选择与责任']"
113,"['文化传承', '家庭团圆', '自我成长', '友情与成长', '教育', '忠诚与承诺']"
114,"['爱国情怀', '忠诚与团结', '勇气与冒险', '国家荣誉与使命', '牺牲奉献', '职业道德']"
115,"['警匪对决', '黑帮与善恶较量', '忠诚与团队合作', '勇气与冒险', '黑暗世界']"
116,"['信任和背叛', '爱情与选择', '道义与背叛', '黑帮与善恶较量', '人妖之间']"
117,"['友情与牺牲', '自我发现', '勇气与冒险', '选择与责任']"
118,"['成长与蜕变', '友谊', '勇气与冒险', '乐观向上', '阴谋与权谋']"
119,"['兄弟关系', '身份对调', '企业抢夺战', '国际大案', '跨国重逢', '喜剧式励志']"
120,"['自我成长', '勇气与冒险', '爱情与友谊', '青春与成长', '黑帮与善恶较量', '忠诚与承诺']"
121,"['忠诚与团队合作', '牺牲奉献', '忠诚与承诺', '勇气与冒险', '历史与文明']"
122,"['人与自然的关系', '生存挑战', '人与自然', '勇敢面对', '恐怖与挑战', '战斗与生存']"
123,"['女性力量与平等', '技术与未来', '真相与谎言', '恐怖与挑战', '控制与解脱', '复仇与救赎']"
124,"['人与自然', '生存挑战', '勇气与冒险', '人与自然的关系', '忠诚与团队合作']"
125,"['忠诚与团队合作', '生存挑战', '人与自然的关系', '勇敢面对', '技术与未来', '战斗与生存']"
126,"['人与自然', '青春与成长', '宿命与选择', '爱情与牺牲', '希望与坚持']"
127,"['人机合作', '勇气与冒险', '忠诚与团队合作', '人类与机器人的关系']"
128,"['复仇与救赎', '信任和背叛', '女性力量与平等', '爱情与选择', '正义与邪恶']"
129,"['人类与机器人的关系', '勇气与冒险', '忠诚与团队合作', '选择与责任', '技术与未来', '生死与和平']"
130,"['技术与未来', '忠诚与团队合作', '人工智能', '勇敢面对', '自我接受']"
131,"['人类潜能', '信任和背叛', '忠诚与团队合作', '宿命与选择', '时空错位']"
132,"['犯罪与黑帮', '面对困境与挑战', '警察与侦探', '正义与邪恶', '信任和背叛']"
133,"['信任和背叛', '职业道德', '黑暗世界', '勇敢面对', '正义与邪恶']"
134,"['自我发现', '家庭团圆', '友情', '文化传承']"
135,"['牺牲奉献', '勇气与冒险', '忠诚与承诺', '面对困境与挑战', '正义与邪恶', '生死抉择与奋斗']"
136,"['忠诚与团结', '勇气与冒险', '忠诚与团队合作', '正义与邪恶']"
137,"['忠诚与团队合作', '犯罪与黑帮', '黑帮与善恶较量', '竞争与合作', '勇气与冒险']"
138,"['友情', '忠诚', '自信', '探险精神', '动物与人类和谐共处', '勇敢面对']"
139,"['友情', '勇气与冒险', '自我发现', '奇幻世界', '忠诚与团队合作', '法术与传说']"
140,"['忠诚与团队合作', '友情', '信任和背叛', '职业道德', '悬疑与谜题', '跨国重逢']"
141,"['信任和背叛', '政治与权力', '身份追寻', '忠诚与团队合作', '生死抉择与奋斗']"
142,"['复仇与救赎', '信任和背叛', '职业道德', '黑暗世界', '勇敢面对', '道义与背叛']"
143,"['友情', '自我发现', '黑帮与善恶较量', '忠诚与团队合作', '逆袭与改变', '阳光与正能量']"
144,"['探险与冒险', '阴谋与权谋', '勇气与决断', '宝物争夺', '忠诚与背叛', '恐怖与神秘']"
145,"['探险精神', '家庭秘密', '勇气与冒险', '友情与信任', '超自然现象']"
146,"['选择与责任', '人类潜能', '忠诚与团队合作', '青春与成长', '勇气与冒险']"
147,"['人类与机器人的关系', '生存挑战', '忠诚与团队合作', '技术与未来', '人与自然', '生死与和平']"
148,"['友情与成长', '勇气与冒险', '法术与传说', '正义与邪恶', '家庭秘密', '忠诚与团队合作']"
149,"['友情与团结', '希望与坚持', '爱与牺牲', '爱国情怀', '生死与和平', '正义与抗争']"
150,"['生存挑战', '忠诚与团队合作', '真相与谎言', '勇气与冒险', '技术与未来', '人与自然的关系']"
151,"['自我发现', '友谊', '自信', '勇敢面对', '环保意识', '忠诚与团队合作']"
152,"['友情', '自我发现', '忠诚与团队合作', '勇敢面对', '黑帮与善恶较量', '家庭团圆']"
153,"['牺牲奉献', '勇气与冒险', '忠诚与承诺', '生死与和平', '团结与支持', '坚定信念']"
154,"['忠诚与承诺', '勇气与冒险', '复仇与救赎', '信任和背叛', '生死抉择与奋斗', '生死与和平']"
155,"['阴阳冲突', '神秘与恐怖', '阴阳先生', '黑帮与善恶较量', '道义与背叛', '人妖之间']"
156,"['竞争与合作', '自我发现', '误入江湖', '探险精神', '自我接受', '勇敢面对']"
157,"['正义与邪恶', '忠诚与团队合作', '勇气与冒险', '黑帮与善恶较量', '动物与人类和谐共处', '儿童与成长']"
158,"['忠诚与团队合作', '勇气与冒险', '探险与冒险', '生存挑战', '神秘与恐怖', '真相与谎言']"
159,"['友情与成长', '家庭团圆', '忠诚与承诺', '探险精神', '真相与谎言', '勇气与冒险']"
160,"['江湖武侠', '面对困境与挑战', '忍耐与智慧', '忠诚与承诺', '勇敢面对']"
161,"['忠诚与团队合作', '牺牲奉献', '勇气与决心', '生死抉择与奋斗', '选择与责任', '敌友关系']"
162,"['正义与邪恶', '信任和背叛', '勇气与决断', '职业道德', '敌友关系', '生死抉择与奋斗']"
163,"['忠诚与承诺', '阴谋与权谋', '江湖武侠']"
164,"['牺牲奉献', '勇气与冒险', '忠诚与团结', '生死抉择与奋斗', '生死与和平', '国家荣誉与使命']"
165,"['忠诚与团队合作', '勇气与冒险', '自我成长与挑战', '职业道德', '航空事业', '家国荣誉']"
166,"['家庭破裂与重建', '正义与犯罪', '忠诚与背叛', '个人成长与自我救赎', '暴力与救赎', '勇气与决断']"
167,"['灵异现象', '阴阳冲突', '人妖之间', '诅咒与解除', '神秘与恐怖', '战胜恶势力']"
168,"['生存挑战', '人与自然', '战斗与生存', '人与自然的关系', '勇气与决断', '生死抉择与奋斗']"
169,"['民族抗战与团结', '爱与牺牲', '军事战略', '历史事件', '团队协作', '国家荣誉与使命']"
170,"['忠诚与团队合作', '勇气与决断', '乐观向上', '运动精神', '自我发现', '竞争与合作']"
171,"['正义与邪恶', '勇气与决断', '警察与侦探', '犯罪与黑帮', '黑帮与善恶较量', '忠诚与团队合作']"
172,"['真实事件改编', '民族抗战与团结', '爱与牺牲', '军事战略', '历史事件', '面对困境与挑战']"
173,"['正义与罪恶', '职业道德', '敌我难辨', '真相与谎言', '生死抉择与奋斗']"
174,"['自我发现', '勇气与决断', '选择与责任', '忠诚与团队合作', '勇敢面对']"
175,"['生存挑战', '技术与未来', '家庭团圆', '人与自然的关系', '爱与牺牲', '时空错位']"
176,"['生存挑战', '勇气与决断', '技术与未来', '坚定信念']"
177,"['信任和背叛', '生死抉择与奋斗', '职业道德', '勇敢面对', '面对困境与挑战', '黑帮与善恶较量']"
178,"['黑帮与善恶较量', '爱情与友谊', '自我发现', '勇敢面对', '忍耐与智慧', '敌友关系']"
179,"['忠诚与团队合作', '勇敢面对', '诚实与信任', '儿童与成长', '友情与成长', '自我发现与成长']"
180,"['自信', '忠诚与团队合作', '动物与人类和谐共处', '探险精神', '勇气与决断', '乐观向上']"
181,"['生存挑战', '探险精神', '忠诚与团队合作', '人与自然', '勇气与决断', '时空错位']"
182,"['友情与合作', '勇气与决断', '智慧与谜题', '警察与侦探', '忍耐与智慧', '真相与谎言']"
183,"['女性力量与平等', '勇气与决断', '自我发现', '信任和背叛', '战斗与生存']"
184,"['爱与牺牲', '民族抗战与团结', '忠诚与承诺', '团结与支持', '正义与邪恶', '生死抉择与奋斗']"
185,"['技术与未来', '自我成长与发现', '人性与道德', '团队合作', '勇气与决断', '生存挑战']"
186,"['探险精神', '勇气与决断', '神秘与恐怖', '战斗与成长', '历史传说', '敌友关系']"
187,"['逆境成长', '勇敢面对', '自我发现', '喜剧式励志', '梦境与现实', '坚定信念']"
188,"['自我发现', '友谊', '梦境与现实', '忠诚与团队合作', '乐观向上', '音乐文化']"
189,"['生死抉择与奋斗', '勇气与决断', '恐怖与挑战', '战斗与生存']"
190,"['爱情', '友情', '自我发现', '感情纠葛', '人际关系', '青春与成长']"
191,"['灵异现象', '阴阳冲突', '真相与谎言', '恐怖与挑战']"
192,"['生死抉择与奋斗', '忠诚与团队合作', '勇气与决断', '恐怖与挑战', '生存挑战']"
193,"['自我发现', '友情', '自然与环境保护', '家庭团圆', '敌对与和解', '勇气与冒险']"
194,"['忠诚与团队合作', '勇气与决断', '信任和背叛', '正义与邪恶', '敌友关系', '战斗与生存']"
195,"['忠诚与团队合作', '探险精神', '勇敢面对', '黑帮与善恶较量', '竞争与合作']"
196,"['自我发现', '神秘与恐怖', '人与自然的关系', '奇幻世界', '探险精神', '友谊']"
197,"['正义与邪恶', '职业道德', '忠诚与团队合作', '勇气与决断', '犯罪与黑帮', '警察与侦探']"
198,"['逆境成长', '家庭团圆', '面对困境与挑战', '喜剧式励志', '财富与价值观']"
199,"['神秘与恐怖', '探险与冒险', '历史与文明', '生死抉择与奋斗', '勇气与决断', '忠诚与团队合作']"
200,"['勇气与冒险', '神秘与恐怖', '忠诚与团队合作', '调查与解谜', '民间传说与传统文化']"
201,"['人工智能', '人机合作', '技术与未来', '身份追寻', '勇敢面对', '逆境成长']"
202,"['信任和背叛', '爱情与选择', '魔法与传说', '感情纠葛', '文化传承', '勇敢面对']"
203,"['感情纠葛', '信任和背叛', '自我发现', '友情', '回忆与挽回', '逆境成长']"
204,"['青春与成长', '爱情与选择', '自我成长', '执着与放手', '成长痛苦', '时间与回忆']"
205,"['友情与竞争', '适应与融入', '敌对与和解']"
206,"['友情与成长', '忠诚与团结', '自我接受', '信任与诚实', '探险与冒险']"
207,"['探险与冒险', '神秘与恐怖', '勇气与决断', '真相与谎言', '忠诚与团队合作', '民间传说与传统文化']"
208,"['自然与生存', '亲情疏远与和解', '领导与责任', '自我发现', '信任和背叛', '勇气与决断']"
209,['生死抉择与奋斗']
210,"['正义与罪恶', '道义与背叛', '职业道德', '勇气与决断', '战斗与生存', '敌友关系']"
211,"['人工智能', '人机合作', '虚拟现实', '信任和背叛', '爱与自由', '忠诚与团队合作']"
212,"['技术与未来', '人类潜能', '选择与责任', '自我成长']"
213,"['人与自然的关系', '政治与权力', '宿命与选择', '家庭秘密', '生存挑战', '忠诚与团队合作']"
214,"['友情与竞争', '探案与智慧', '警察与侦探', '民间传说与传统文化', '逆境成长', '敌友关系']"
215,"['友情与成长', '自我发现', '勇气与决断', '传统与创新', '父女关系', '战胜恶势力']"
216,"['友情与成长', '自我成长', '非亲生家庭关系', '父女关系', '战斗与成长', '勇气与冒险']"
217,"['魔法与传说', '文化传承', '忠诚与承诺', '勇气与决断', '自我成长与发现', '信任和背叛']"
218,"['职业道德', '信任和背叛', '勇气与决断', '正义与邪恶', '军事战略', '敌我难辨']"
219,"['汽车文化', '信任和背叛', '职业道德', '敌友关系']"
220,"['人性与欲望', '爱情与选择', '身份追寻', '邪恶与正义', '勇敢面对', '宿命与选择']"
221,"['人与自然', '战斗与生存', '技术与未来', '忠诚与团队合作', '勇气与决断', '生存挑战']"
222,"['自我发现', '人与自然的关系', '友谊', '爱与牺牲', '奇幻世界']"
223,"['信任和背叛', '职业道德', '国家荣誉与使命', '敌友关系', '勇气与决断', '正义与邪恶']"
224,"['国家荣誉与使命', '勇气与决断', '间谍活动', '反恐任务', '信任和背叛', '危机应对']"
225,"['亲子关系', '自我发现', '民间传说与传统文化', '友谊', '勇敢面对', '教育']"
226,"['人类与外星生物交流', '语言与交流', '时间观念', '生命与死亡', '友情与成长', '面对困境与挑战']"
227,"['黑帮与道义', '友情与信任', '勇气与决断', '正义与邪恶']"
228,"['信任和背叛', '勇气与决断', '忠诚与团队合作', '身份追寻', '间谍活动', '反恐任务']"
229,"['反恐任务', '女性力量与平等', '正义与邪恶', '勇气与决断', '忠诚与团队合作', '复仇与救赎']"
230,"['忠诚与团队合作', '人类潜能', '选择与责任', '勇气与决断', '友谊', '牺牲奉献']"
231,"['青春与成长', '忠诚与承诺', '勇气和决断', '生死抉择与奋斗', '忠诚与团队合作']"
232,"['正义与邪恶', '复仇与救赎', '职业道德', '黑暗世界', '勇气与决断', '忠诚与团队合作']"
233,"['面对困境与挑战', '勇气与决断', '忠诚与团队合作', '军事行动', '人类潜能', '正义与邪恶']"
234,"['牺牲奉献', '爱情与选择', '信任和背叛', '勇气与决心', '自我发现', '宽容和包容']"
235,"['友情与成长', '接受和包容', '父子/父女关系', '友情']"
236,"['面对困境与挑战', '警察与侦探', '正义与邪恶', '犯罪与黑帮', '勇气与决心']"
237,"['职业道德', '自我发现', '勇敢面对']"
238,"['武术传承', '民族荣誉', '师徒关系', '勇气与决心', '传统与创新', '正义与邪恶']"
239,"['自由与救赎', '友情与信任', '希望与坚持']"
240,"['自我发现', '选择与责任', '人性与道德', '英雄与救赎', '爱情与牺牲', '友情与信任']"
241,"['神秘与恐怖', '阴阳冲突', '谜团解开', '民间信仰', '奇门遁甲', '探险与冒险']"
242,['生存挑战']
243,"['生存挑战', '生死抉择与奋斗', '恐怖与挑战']"
244,"['自我发现', '友情与信任', '勇敢面对', '爱情与友谊', '奇幻世界', '儿童与成长']"
245,"['友情与信任', '忠诚与团队合作', '勇敢面对', '儿童与成长', '探险精神', '环保意识']"
246,"['友情', '儿童与成长', '忠诚与承诺', '技术与未来', '自我成长', '勇气与冒险']"
247,"['忠诚与背叛', '师徒关系', '武术传承', '黑帮与善恶较量', '正义与邪恶', '江湖武侠']"
248,"['友情与信任', '忠诚与团队合作', '探险精神', '勇敢面对']"
249,"['家庭矛盾与和解', '正义与法律', '个人成长与自我救赎', '父爱', '人性的挣扎', '法律与正义']"
250,"['忠诚与团队合作', '牺牲奉献', '勇气与决心', '真实事件改编', '军事行动', '民族荣誉']"
251,"['记忆与现实', '时间错乱', '失忆', '真相与谎言']"
252,"['传统与创新', '自我发现', '勇气与决心', '爱情与友谊', '民间传说与传统文化', '适应与融入']"
253,"['友情与成长', '勇气与决心', '家庭团圆', '奇幻世界', '探险精神']"
254,"['友谊', '勇气', '魔法世界', '成长', '信任', '探险精神']"
255,"['人与自然的关系', '生存挑战', '勇气与冒险', '忠诚与团队合作', '神秘与恐怖', '探险与冒险']"
256,"['友谊', '青春与成长', '面对困境与挑战', '教育', '自我发现']"
257,"['自我发现', '友谊', '勇气与决心', '黑帮与善恶较量', '探险精神', '忠诚与团队合作']"
258,['生存挑战']
259,"['技术与未来', '女性力量与平等', '团结与支持', '政治与权力']"
260,"['忠诚与团队合作', '反恐任务', '勇气与决心', '忠诚与承诺', '军事行动', '职业道德']"
261,"['女性力量与平等', '复仇与救赎', '友谊', '自我发现', '忠诚与承诺', '真相与谎言']"
262,"['汽车文化', '自我发现', '爱情与友谊', '励志', '乐观向上', '忠诚与团队合作']"
263,"['友谊', '自我发现', '人类与机器人的关系', '勇气与决心', '探险精神', '爱心与关怀']"
264,"['公益与救助', '家庭团圆', '自我成长与挑战', '希望与坚持', '传递爱心', '社会责任与关爱']"
265,['面对困境与挑战']
266,"['家庭团圆', '友情与信任', '重拾信任', '个人成长与自我救赎', '忠诚与团队合作']"
267,"['正义与罪恶', '友情与团结', '信念与勇气', '忠诚与承诺', '法术与传说', '自我发现']"
268,"['人类与魔法生物的冲突', '正义与罪恶', '信任和背叛']"
269,"['职业道德', '家庭团圆', '自我发现', '正义与法律', '忠诚与承诺', '勇气与决心']"
270,"['青春与成长', '友谊', '教育', '成长', '自我发现', '校园生活']"
271,"['人与自然的关系', '生存挑战', '选择与责任', '勇气与决心', '人类与魔法生物的冲突', '正义与罪恶']"
272,"['父子/父女关系', '自我成长与发现', '勇气与冒险', '友情与成长', '面对困境与挑战']"
273,"['忠诚与团结', '江湖武侠', '传统与创新', '师徒关系', '武术传承', '勇气与决心']"
274,"['家庭团圆', '友谊', '自我发现', '乐观向上', '爱情', '民间传说与传统文化']"
275,"['探险精神', '古墓探险', '历史与文明', '文化传承', '友情与信任', '勇气与决心']"
276,"['友情与信任', '自我发现', '勇气与决心', '音乐与舞蹈', '梦想与努力', '奇幻世界']"
277,"['爱国主义', '坚定信念', '爱国情怀', '人类与生化危机的抗争', '勇敢抵抗', '爱国与敌人斗争']"
278,"['面对困境与挑战', '信任和背叛', '勇气与决心', '正义与法律', '警察与侦探']"
279,"['武侠精神', '师徒关系', '正义与罪恶', '勇气与决心', '创新与反传统', '友情与信任']"
280,"['种族歧视与平等', '敌对与和解', '人性的挣扎', '信任和背叛', '社会责任与关爱', '正义与法律']"
281,"['正义与邪恶', '勇气与决心', '民族荣誉', '忠诚与团队合作', '生死与和平']"
282,"['英勇无畏', '牺牲奉献', '忠诚与承诺', '爱国主义', '生死与和平', '团结与信念']"
283,"['友情与成长', '友情与成长', '勇气与决心', '忠诚与团队合作', '接受和包容']"
284,"['正义与罪恶', '忠诚与承诺', '勇气与决心', '友情与信任', '人性的挣扎', '警察与侦探']"
285,"['守护与捍卫', '勇敢面对', '友情与信任', '人与自然']"
286,"['友情与信任', '爱情与选择']"
287,"['忠诚与团队合作', '勇气与决心', '国家荣誉与使命', '背叛与报复', '军事行动', '爱国主义']"
288,"['正义与邪恶', '忠诚与团结', '勇气与决心', '信任与诚实', '敌友关系', '法律与正义']"
289,"['环保意识', '人与自然的关系', '技术与未来', '民间传说与传统文化', '勇气与决心', '忠诚与团队合作']"
290,"['生存挑战', '生死抉择与奋斗', '战斗与生存', '人性的挣扎', '勇气与决心', '忠诚与团队合作']"
291,"['民间传说与传统文化', '歌舞与民间艺术', '爱情与抉择']"
292,"['友情与信任', '忠诚与团队合作', '勇气与决心', '探险精神', '童趣与欢乐']"
293,"['生存挑战', '勇气与决心', '人与自然的关系', '面对困境与挑战', '勇敢面对']"
294,"['生存挑战', '人与自然', '战斗与生存', '家庭团圆', '勇气与决心', '人与自然的关系']"
295,"['黑暗喜剧', '恐怖元素', '惊悚氛围', '幽默调和']"
296,"['民间信仰', '魔法与传说', '勇气与决心', '创新与反传统', '文化传承', '探险精神']"
297,"['生死抉择与奋斗', '勇气与决心', '忠诚与团结', '友情与信任', '生死与和平', '国家荣誉与使命']"
298,"['友情与信任', '勇气与决心', '忠诚与团队合作', '自我发现', '人类与魔法生物的冲突', '正义与罪恶']"
299,"['儿童与成长', '家庭团圆', '友谊', '勇气与决心', '自然与环境保护', '探险精神']"
300,"['自我发现', '友情与信任', '勇敢面对', '探险精神', '儿童与成长']"
301,"['忠诚与承诺', '勇气与决心', '正义与法律', '师徒关系', '创新与反传统']"
302,"['民间信仰', '阴谋与权谋', '灵异现象', '文化传承', '人性的挣扎', '惩恶扬善']"
303,"['友情与成长', '友谊', '勇气与决心', '阴阳冲突', '法术与传说']"
304,"['青春与成长', '爱情与选择', '友情与信任', '自我成长', '勇气与决心']"
305,"['自信与成长', '勇气与决心', '忍耐与智慧', '师徒关系', '创新与反传统', '励志']"
306,"['忠诚与承诺', '道义与背叛', '师徒关系', '武术传承', '江湖武侠', '家庭秘密']"
307,"['民族荣誉', '勇气与决心', '忠诚与团队合作', '忠诚与团结', '生死与和平', '生死抉择与奋斗']"
308,"['生死抉择与奋斗', '爱与牺牲', '社会底层', '勇气与决心', '人性的挣扎']"
309,"['生命与死亡', '信任与诚实', '勇气与冒险', '接受和包容']"
310,"['民族荣誉', '勇气与决心', '反恐任务', '国家荣誉与使命', '警察与侦探', '人性的挣扎']"
311,"['正义与罪恶', '警察与侦探', '背叛与报复']"
312,"['法律与正义', '勇气与决心', '警察与侦探', '黑暗与光明', '信任和背叛', '惩恶扬善']"
313,"['文化传承', '爱情与选择', '家庭矛盾与和解', '悬疑与谜题', '勇气与决心', '创新与反传统']"
314,"['勇气与决心', '忠诚与团队合作', '生死与和平', '国家荣誉与使命', '生死抉择与奋斗', '军事行动']"
315,"['忠诚与团队合作', '勇气与决心', '生死与和平', '希望与坚持', '家国荣誉', '勇敢面对']"
316,"['人与自然', '探险与冒险', '时间错乱', '忠诚与团队合作', '物理与科学', '人类潜能']"
317,"['自我发现', '友谊', '勇气与决心', '家庭团圆', '爱情与选择', '黑帮与善恶较量']"
318,"['自我发现', '友情与信任', '勇气与决心', '童趣与欢乐', '探险精神']"
319,"['女性力量与平等', '勇气与冒险', '忠诚与团结', '支持和鼓励', '警察与侦探', '危机应对']"
320,"['人性的挣扎', '信任和背叛', '勇气与决心', '生死抉择与奋斗', '正义与法律']"
321,"['自我发现', '友情与信任', '勇气与决心', '探险精神', '童趣与欢乐']"
322,"['复仇与救赎', '信任和背叛', '职业道德', '爱情与选择', '勇气与决心', '正义与邪恶']"
323,"['民族荣誉', '忠诚与团队合作', '勇气与决心', '师徒关系', '生死与和平', '人性的挣扎']"
324,"['虚拟现实', '技术与未来', '人类潜能', '忠诚与团队合作', '勇气与决心', '人机合作']"
325,"['复仇与救赎', '信任和背叛', '汽车文化', '黑暗世界']"
326,"['宗教信仰', '神秘与恐怖', '真相与谎言', '探险与冒险', '身份追寻']"
327,"['民间信仰', '魔法与传说', '爱情与选择', '妖怪与人类关系', '家庭矛盾与和解', '人性的挣扎']"
328,"['友情与信任', '自我发现', '探险精神', '技术与未来', '时空错位', '勇气与决心']"
329,"['心理与健康', '自我发现', '情绪管理', '非亲生家庭关系', '自我接受', '内心世界']"
330,"['友情与信任', '自我发现', '忠诚与团队合作', '勇气与决心', '教育', '乐观向上']"
331,"['友情与信任', '自我发现', '教育改革', '勇敢面对', '乐观向上', '自我发现']"
332,"['英雄责任', '牺牲奉献', '人性的挣扎', '信任和背叛', '个人成长与自我救赎', '勇气与决心']"
333,"['民族荣誉', '勇气与决心', '忠诚与团结', '武术传承', '敌友关系', '生死与和平']"
334,"['恐怖元素', '惊悚氛围']"
335,"['民族荣誉', '勇气与决心', '忠诚与团结', '牺牲奉献', '生死抉择与奋斗', '忠诚与团队合作']"
336,"['友情与信任', '自我发现', '勇气与决心', '童趣与欢乐', '探险精神', '民间传说与传统文化']"
337,"['自我发现', '友情与信任', '勇气与决心', '忠诚与团队合作', '儿童与成长', '正义与罪恶']"
338,"['团结与支持', '勇敢面对', '爱国主义', '抗日救国', '生死与和平', '军事行动']"
339,"['正义与罪恶', '敌友关系', '死亡审判', '真相与谎言', '友谊与团队精神', '忠诚与团队合作']"
340,"['生死抉择与奋斗', '人与自然的关系', '勇气与决心', '环保意识', '探险精神', '亲情与关怀']"
341,"['忠诚与团结', '忠诚与团队合作', '正义与邪恶', '牺牲奉献']"
342,"['技术与未来', '信任和背叛', '真相与谎言', '犯罪与黑帮', '职业道德', '勇气与决心']"
343,"['魔法与传说', '探险精神', '文化传承', '勇气与决心', '创新与反传统', '神秘与恐怖', '友情与信任']"
344,"['自我发现', '友谊', '时空错位', '勇敢面对', '感情纠葛', '喜剧式励志']"
345,"['面对困境与挑战', '忠诚与背叛', '勇敢面对', '生死抉择与奋斗', '敌友关系', '犯罪与黑帮']"
346,"['犯罪与黑帮', '正义与罪恶', '法律与正义', '勇气与决心', '逆境与挑战', '信任和背叛']"
347,"['身份错置', '职业道德', '友情与信任', '探险精神', '信任和背叛', '竞争与合作']"
348,"['忠诚与团队合作', '正义与邪恶', '勇气与决心', '敌友关系', '国家荣誉与使命', '反恐任务']"
349,"['江湖武侠', '女性力量与平等', '勇气与决心']"
350,"['自我发现', '友情与信任', '乐观向上', '勇气与决心', '家庭和睦', '友情与成长']"
351,"['生死抉择与奋斗', '牺牲奉献', '勇气和决定', '忠诚与团队合作', '个人成长与自我救赎', '人性的挣扎']"
352,"['生死抉择与奋斗', '人类与生化病毒的关系', '勇气与决心', '技术与未来', '生存挑战', '忠诚与团队合作']"
353,"['生存挑战', '人与自然', '忠诚与团队合作', '战斗与生存', '勇气与决心']"
354,"['探险精神', '友谊', '勇气与决心', '真相与谎言']"
355,"['师徒关系', '忠诚与背叛', '武术传承', '爱情', '江湖武侠', '敌友关系']"
356,"['友情与成长', '勇气与决心', '忠诚与团结', '接受和包容', '童趣与欢乐', '探险精神']"
357,"['友情与信任', '勇敢面对', '警察与侦探', '喜剧式励志', '忠诚与团队合作', '忍耐与智慧']"
358,"['复仇与救赎', '犯罪与黑帮', '正义与罪恶', '信任和背叛', '勇气与决心', '敌友关系']"
359,"['忠诚与团队合作', '勇气与决心', '生死与和平', '忠诚与承诺', '生死抉择与奋斗', '勇敢面对']"
360,"['自我发现', '友情与信任', '勇气与决心', '法术与传说', '童趣与欢乐', '忠诚与团队合作']"
361,"['勇气与决心', '忠诚与团队合作', '人性的挣扎', '牺牲奉献', '生死与和平', '智慧与谜题']"
362,"['勇气与决心', '选择与责任', '爱情与选择', '自我发现与成长', '友情与信任', '正义与罪恶']"
363,"['忠诚与团队合作', '勇气与决心', '敌友关系', '生死抉择与奋斗', '生死与和平', '信任和背叛']"
364,"['人类与外星生物交流', '家庭团圆', '生死抉择与奋斗', '勇气与决心', '生死与和平', '时间错乱']"
365,"['家庭团聚', '勇气与决心', '忠诚与团队合作', '人类潜能', '选择与责任', '女性力量与平等']"
366,"['民族荣誉', '牺牲奉献', '团结与支持', '勇气与决心', '敌友关系', '正义与法律']"
367,"['复仇与救赎', '信任和背叛', '身份错置']"
368,"['警察与侦探', '勇气与决心', '信任和背叛', '犯罪与黑帮', '正义与邪恶', '忠诚与团队合作']"
369,"['生存挑战', '战斗与生存', '勇气与决心', '家庭团圆', '爱与牺牲']"
370,"['忠诚与团队合作', '勇气与决心', '敌友关系', '正义与罪恶', '背叛与报复', '技术与未来']"
371,"['忠诚与团结', '勇气与决心', '友情与信任', '敌对与和解', '惩恶扬善', '勇敢面对']"
372,"['自我成长与挑战', '信任和背叛', '职业道德', '勇气与决心', '生死抉择与奋斗', '忠诚与团队合作']"
373,"['人与自然', '人类与外星生物交流', '忠诚与团队合作', '勇气与决心', '阴谋与权谋', '生存挑战']"
374,"['创新与反传统', '师徒关系', '正义与罪恶', '勇气与决心', '文化传承', '江湖武侠']"
375,"['灵异现象', '阴阳冲突', '姐妹情谊', '家庭秘密', '生死抉择与奋斗']"
376,"['探险精神', '勇气与决心', '文化传承', '友情与信任']"
377,"['忠诚与团队合作', '人类潜能', '责任与力量', '技术与未来', '人工智能', '道义与背叛']"
378,"['正义与罪恶', '信任和背叛', '忠诚与承诺', '身份追寻', '警察与侦探', '忍耐与智慧']"
379,"['社会现象', '黑暗喜剧', '犯罪与智慧', '人性的挣扎', '敌友关系', '勇气与决心']"
380,"['身份对调', '友情与成长', '友情与信任', '家庭矛盾与和解', '敌对与和解']"
381,"['忠诚与团队合作', '勇敢面对', '军事行动', '正义与邪恶', '生死抉择与奋斗', '生死与和平']"
382,"['家族纷争与和解', '魔法与传说', '英雄与救赎', '兄弟关系', '宿命与选择', '宇宙间的战争']"
383,"['生死与和平', '历史与文明', '勇气与决心', '生死抉择与奋斗', '国家荣誉与使命', '人性的挣扎']"
384,"['种族歧视与平等', '友情与信任', '民间传说与传统文化', '勇气与决心', '自我发现', '乐观向上']"
385,"['正邪交锋', '恐怖与挑战', '勇气与决心', '谜团解开', '古墓探险', '惩恶扬善']"
386,"['自我发现', '友情与信任', '虚拟现实', '创新与反传统', '社交网络', '网络安全']"
387,"['忠诚与团队合作', '牺牲奉献', '忠诚与承诺', '勇气和决心', '生死抉择与奋斗', '生死与和平']"
388,"['牺牲奉献', '信任和背叛', '勇气与决心', '生死与和平', '友情与信任', '忠诚与承诺']"
389,"['侦探推理', '黑暗喜剧', '谋杀与调查', '家庭秘密', '诚实与信任', '敌对与和解']"
390,"['忠诚与团队合作', '勇气与决心', '探险精神', '文化传承', '历史与文明', '友情与信任']"
391,"['正义与罪恶', '信任和背叛', '勇气与决心', '警察与侦探', '人性的挣扎', '犯罪与黑帮']"
392,"['忠诚与团结', '正义与罪恶', '师徒关系', '友情与信任', '武术传承', '惩恶扬善']"
393,"['社会责任与关爱', '生活困境', '儿童权益', '法律与正义', '家庭矛盾与和解', '希望与坚持']"
394,"['古墓探险', '文化传承', '勇气与决心', '悬疑与谜题', '探险精神']"
395,"['人类与魔法生物的冲突', '黑帮与善恶较量', '勇气与决心', '阴谋与权谋', '正义与罪恶', '生死抉择与奋斗']"
396,"['政治与权力', '警察与侦探', '正义与邪恶', '反恐任务', '危机应对', '勇气与决心']"
397,"['复仇与救赎', '信任和背叛', '黑暗世界']"
398,"['自我成长与发现', '忠诚与团队合作', '勇敢面对', '正义与罪恶', '乐观向上']"
399,"['勇气与决心', '希望与坚持', '个人成长与自我救赎', '爱国主义', '宗教信仰']"
400,"['忠诚与团队合作', '勇气与决心', '探险精神', '信任和背叛', '恶与善的较量', '战斗与成长']"
401,"['友情与信任', '宽容和包容', '敌对与和解', '乡村文化', '亲情疏远与和解', '自我发现']"
402,"['生活与爱情', '自由与救赎', '欢乐与哀伤', '爱与牺牲']"
403,"['阴阳冲突', '灵异现象', '家庭秘密', '恐怖与挑战', '真相与谎言']"
404,"['江湖武侠', '忠诚与承诺', '勇气与冒险', '传统与创新', '家庭秘密', '师徒关系']"
405,"['友情与成长', '家庭矛盾与和解', '个人成长与自我救赎', '信任和背叛', '面对困境与挑战', '勇气与决心']"
406,"['自我发现', '友谊', '儿童与成长', '友情与成长', '家庭团圆']"
407,"['家庭团圆', '友情与成长', '勇气与决心', '国家荣誉与使命', '文化传承']"
408,"['忠诚与团队合作', '勇气与决心', '探险精神', '正义与邪恶', '敌友关系', '黑帮与善恶较量']"
409,"['家庭秘密', '神秘与恐怖', '民间信仰', '诅咒与解除', '超自然现象', '勇气与决心']"
410,"['忠诚与背叛', '勇气与决心', '忠诚与团队合作', '生死与和平', '士兵心理', '军事行动']"
411,"['魔法与传说', '文化传承', '希望与坚持', '爱情与友谊', '探险精神', '忠诚与团队合作']"
412,"['民族荣誉', '勇气与决心', '忠诚与团队合作', '正义与邪恶', '希望与坚持', '爱国主义']"
413,"['勇气与决心', '黑帮与善恶较量', '忠诚与团队合作', '忠诚与承诺', '法术与传说', '友情与信任']"
414,"['正义与罪恶', '信任和背叛', '职业道德', '法律与正义', '忍耐与智慧', '背叛与报复']"
415,"['魔法与传说', '民间传说与传统文化', '勇敢面对', '奇幻世界', '传统与创新', '探险与冒险']"
416,"['喜剧式励志', '爱情与友谊', '勇敢面对', '真相与谎言', '诚实和开放']"
417,"['生存挑战', '人与自然', '恐怖与挑战', '人与自然的关系', '战斗与生存']"
418,"['人与自然的关系', '生命与死亡', '技术与未来', '生存挑战', '人与自然', '动物与人类和谐共处']"
419,"['正义与罪恶', '忠诚与背叛', '江湖武侠', '复仇与救赎']"
420,"['自然与环境保护', '人工智能', '人类与机器人的关系', '自我发现', '爱情', '勇气与决心']"
421,"['自我发现', '非亲生家庭关系', '勇气和决定', '友情与团结', '超能力', '探险精神']"
422,"['心理与健康', '灵异现象', '恐怖与挑战']"
423,"['记忆与现实', '勇气与决心', '忠诚与团队合作', '黑帮与善恶较量', '正义与罪恶']"
424,"['民族荣誉', '生死与和平', '勇气与决心', '国家荣誉与使命', '正义与罪恶', '爱国主义']"
425,"['友情与成长', '儿童与成长', '教育', '心灵成长', '家庭和睦']"
426,"['神秘与恐怖', '灵异现象', '探险精神', '勇敢面对', '传说与神话']"
427,"['友情与信任', '守护与捍卫', '勇气与决心', '穿越星际', '外星人与地球人的友谊']"
428,"['探险与冒险', '恐怖与惊悚', '勇气与决心', '宝藏寻找']"
429,"['个人成长与自我救赎', '希望与坚持', '超能力', '人类潜能', '时间错乱']"
430,"['家庭秘密', '父女关系', '民间传说与传统文化', '国家荣誉与使命', '权力斗争', '传统与创新']"
431,"['家庭团圆', '生死抉择与奋斗', '忠诚与承诺', '爱情', '悬疑与谜题', '友情与成长']"
432,"['生存挑战', '人与自然的关系']"
433,"['生死抉择与奋斗', '忠诚与团队合作', '勇气与决心', '信任和背叛', '技术与未来', '生存挑战']"
434,"['探险与冒险', '勇气与决心', '自我发现', '宝藏寻找', '历史与文明', '神秘与恐怖']"
435,"['生存挑战', '信任和背叛', '犯罪与黑帮', '忍耐与智慧', '勇气与决心', '正义与邪恶']"
436,"['环保意识', '自我成长与发现', '勇气与决心', '文化传承', '人与自然和谐共处', '友情与信任']"
437,"['法律与正义', '个人成长与自我救赎', '希望与坚持', '家庭矛盾与和解', '真相与谎言', '勇气与决心']"
438,"['友情与信任', '勇气与决心', '法术与传说', '竞争与合作', '自我发现', '悬疑与谜题']"
439,"['牺牲奉献', '勇气与冒险', '忠诚与团结', '敌对与和解', '生死抉择与奋斗', '生死与和平']"
440,"['人类与生化危机的抗争', '苦难与抗争', '爱国主义', '生死与和平', '坚定信念', '团队合作']"
441,"['生死抉择与奋斗', '战斗与生存', '人类与生化危机的抗争', '勇敢面对', '忠诚与团队合作']"
442,"['家庭团圆', '自我发现', '勇敢面对', '支持和鼓励', '探险与冒险', '适应与融入']"
443,"['忠诚与团队合作', '勇气与决心', '奇幻世界', '友情与信任', '生死与和平', '忠诚与承诺']"
444,"['灵异现象', '阴阳冲突', '民间信仰', '家庭秘密', '真相与谎言']"
445,"['生存挑战', '人与自然', '忠诚与团队合作', '人与自然的关系', '技术与未来', '牺牲奉献']"
446,"['面对困境与挑战', '探险精神', '勇气与决心', '敌友关系']"
447,"['爱国主义', '勇气与决心', '团队合作', '忠诚与承诺', '生死抉择与奋斗', '希望与坚持']"
448,"['勇气与决心', '忠诚与团结', '历史与文明', '政治与权力', '生死与和平', '牺牲奉献']"
449,"['复仇与救赎', '信任和背叛', '忠诚与团结', '战斗与生存', '亲情疏远与和解', '勇气和决定']"
450,"['团队合作', '勇敢面对', '忠诚与承诺', '友情与信任', '正义与邪恶', '探险精神']"
451,"['正义与罪恶', '忠诚与团队合作', '勇气与决心', '军事行动', '反恐任务', '技术与未来']"
452,"['友谊', '忠诚与团队合作', '探险精神', '忠诚与承诺', '自我发现', '黑帮与善恶较量']"
453,"['职业道德', '信任和背叛', '军事行动', '国家荣誉与使命', '身份追寻', '敌友关系']"
454,"['人类与生化危机的抗争', '团队合作', '勇气与决心', '生死与和平', '国家荣誉与使命', '爱国主义']"
455,"['军事行动', '忠诚与团队合作', '职业道德', '勇气与决心', '忠诚与承诺']"
456,"['宝藏寻找', '忠诚与团队合作', '勇敢面对', '探险精神']"
457,"['技术与未来', '心理与健康', '犯罪与黑帮', '非亲生家庭关系', '信任和背叛', '生死抉择与奋斗']"
458,"['正义与责任', '信任和背叛', '忠诚与团队合作', '政治与权力', '英雄与决策', '人性的挣扎']"
459,"['自我发现', '友谊', '勇气与决心', '自信']"
460,"['环保意识', '爱与牺牲', '人类与魔法生物的冲突', '黑帮与善恶较量']"
461,"['战斗与成长', '人类与魔法生物的冲突', '正义与罪恶', '选择与责任', '勇气与决心', '忠诚与团队合作']"
462,"['爱国主义', '勇气与决心', '团队合作', '战斗与成长', '人类与生化危机的抗争', '忠诚与承诺']"
463,"['社会平等', '勇敢面对', '忠诚与团队合作', '忠诚与承诺', '诚实和开放', '防范犯罪']"
464,"['家庭矛盾与和解', '勇敢面对', '社会责任与关爱', '宿命与选择', '友情与信任', '忍耐与智慧']"
465,"['友情与成长', '重拾信任', '勇敢面对', '家庭团圆', '探险与冒险']"
466,"['忠诚与团结', '信任与诚实', '勇气与冒险', '敌对与和解', '忍耐与智慧', '敌友关系']"
467,"['家族纷争与和解', '勇气与决心', '团队合作', '忠诚与背叛', '传统与创新', '希望与坚持']"
468,"['友情与信任', '勇气与决心', '自我发现', '团队合作', '动物与人类和谐共处', '乐观向上']"
469,"['探险与冒险', '勇气与决心', '友情与信任', '竞争与合作', '隐藏的宝藏', '逃脱险境']"
470,"['忠诚与团结', '友谊', '勇气与冒险', '黑帮与善恶较量', '误入江湖', '忍耐与智慧']"
471,"['女性力量与平等', '友情与信任', '人类与生化危机的抗争', '团队合作', '勇气与决心', '坚定信念']"
472,"['生死抉择与奋斗', '时间错乱', '多元宇宙', '勇敢面对', '个人成长与自我救赎', '黑帮与善恶较量']"
473,"['忠诚与团队合作', '勇气与决心', '警察与侦探', '成功与失败', '友情与信任']"
474,"['政治与权力', '真相与谎言', '历史与文明', '敌对与和解', '家庭秘密', '道义与背叛']"
475,"['魔法与传说', '爱与牺牲', '探险精神', '法术与传说', '勇敢面对']"
476,"['家庭矛盾与和解', '友情与成长', '忠诚与承诺', '友情与信任']"
477,"['生存挑战', '敌对与和解', '真相与谎言', '勇气与决心', '信任和背叛', '忠诚与团队合作']"
478,"['灵异现象', '阴阳冲突', '恐怖与挑战', '真相与谎言', '家庭秘密', '生死抉择与奋斗']"
479,"['宝藏寻找', '探险精神', '邪恶与正义', '勇气与决心', '海盗文化', '友情与信任']"
480,"['人与自然', '生存挑战', '家庭团圆', '技术与未来', '爱情', '勇气与决心']"
481,"['江湖武侠', '人与自然', '忠诚与团结', '师徒关系', '自我成长', '家庭秘密']"
482,"['生存挑战', '战斗与生存', '人与自然的关系', '生死抉择与奋斗', '勇气与决心', '忠诚与团队合作']"
483,"['人与自然', '魔法与传说', '文化传承', '探险与冒险', '勇气与冒险']"
484,"['人与自然的关系', '生存挑战', '恐怖与挑战', '忠诚与团队合作']"
485,"['忠诚与团结', '勇气与冒险', '忍耐与智慧', '敌友关系', '警察与侦探', '笑料']"
486,"['人类与外星生物交流', '友情与信任', '忠诚与团队合作', '童年回忆']"
487,"['心理与健康', '自我发现', '友情与信任', '沟通与理解', '自我接受', '道歉与原谅']"
488,"['生存挑战', '勇气与决心', '爱情与选择', '人与自然', '犯罪与黑帮', '战胜恐惧']"
489,"['忠诚与团队合作', '勇气与决心', '自我发现', '挑战与胜利', '运动精神', '励志故事']"
490,"['团队合作', '勇气与决心', '探险与冒险', '战胜恐惧', '身份追寻']"
491,"['魔法与传说', '爱情', '文化传承', '人与自然']"
492,"['英雄与恶人', '道义与背叛', '犯罪与正义', '忠诚与承诺', '勇气与决心', '人性的挣扎']"
493,"['自我发现', '友谊', '爱情', '犯罪与黑帮', '勇气与决心', '逃脱险境']"
494,"['面对困境与挑战', '心理与健康', '战胜恐惧', '忠诚与团队合作', '悬疑与谜题', '生存挑战']"
495,"['友谊', '勇气与冒险', '忠诚与团结', '奇幻世界', '黑帮与善恶较量', '希望与坚持']"
496,"['阴阳冲突', '法术与传说', '神秘与恐怖', '民间信仰', '犯罪与黑帮', '勇敢面对']"
497,"['家庭团圆', '自我发现', '爱情与友谊', '人与自然', '探险精神', '搞笑']"
498,"['家庭矛盾与和解', '正义与法律', '个人成长与自我救赎', '人性的挣扎', '法律与正义', '婚姻危机']"
499,"['魔法与传说', '爱情与选择', '道义与背叛', '勇气与决心']"
500,"['恐怖与挑战', '灵异现象', '生死抉择与奋斗', '勇敢面对']"
501,"['生死与和平', '历史与文明', '勇气和决定', '忠诚与团队合作', '政治与权力', '忠诚与承诺']"
502,"['忠诚与团队合作', '生存挑战', '探险与冒险', '人与自然', '科学探险', '友情与成长']"
503,"['复仇与救赎', '信任和背叛', '勇敢面对', '犯罪与黑帮', '正义与邪恶', '职业道德']"
504,"['信任和背叛', '正义与法律', '勇气与决心', '敌友关系', '生死抉择与奋斗', '个人成长与自我救赎']"
505,"['民族荣誉', '传统与创新', '勇气与决心', '生死与和平', '国家荣誉与使命']"
506,"['自我发现', '友情与成长', '勇敢面对', '亲情与关怀', '忠诚与团结', '教育']"
507,"['武术传承', '师徒关系', '传统与创新', '民族荣誉', '勇气与决心', '个人成长与自我救赎']"
508,"['自信', '爱情与选择', '勇敢面对']"
509,"['复仇与救赎', '汽车文化', '自由与救赎', '生死抉择与奋斗', '勇气与决心']"
510,"['恐怖与挑战', '灵异现象', '阴谋与权谋', '真相与谎言']"
511,"['友情与信任', '自我发现', '喜剧式励志', '爱情与友谊']"
512,"['家庭秘密', '神秘与恐怖', '勇气与决心', '谜团解开', '诅咒与解除', '探险精神']"
513,"['勇气与决心', '生死与和平', '忠诚与承诺', '团结与支持', '坚定信念', '生死抉择与奋斗']"
514,"['间谍活动', '信任和背叛', '国家荣誉与使命', '职业道德', '真相与谎言', '勇气与决心']"
515,"['民族荣誉', '武术传承', '师徒关系', '忠诚与团结', '勇敢面对', '传统与创新']"
516,"['自我发现', '友谊', '人与自然', '面对困境与挑战', '救赎', '魔法与传说']"
517,"['友情与信任', '自我成长与发现', '勇敢面对', '探险精神', '乐观向上', '忠诚与团队合作']"
518,"['爱国主义', '忠诚与团结', '犯罪与黑帮', '政治与权力', '牺牲奉献', '勇气与冒险']"
519,"['政治与权力', '信任和背叛', '忠诚与背叛', '技术与未来', '勇气与冒险', '真相与谎言']"
520,"['女性力量与平等', '友情', '自我成长', '忠诚与承诺', '爱情与选择', '勇气与冒险']"
521,"['友情', '真相与谎言', '忠诚与承诺', '探险与冒险', '犯罪与黑帮', '技术与未来']"
522,"['面对困境与挑战', '勇气与冒险', '信任与诚实']"
523,"['青春与成长', '爱情与选择', '女性力量与平等', '自我成长']"
524,"['爱情与选择', '忠诚与背叛', '人性与欲望', '信任与背信', '真相与谎言']"
525,"['女性力量与平等', '社会平等', '坚定信念', '文化传承']"
526,"['犯罪与黑帮', '忠诚与承诺', '信任与诚实']"
527,"['人与自然', '生死与牺牲', '探险与冒险', '文明与野蛮', '爱情与选择', '勇气与信念']"
528,"['亲情疏远与和解', '信仰与迷信', '神秘与恐怖', '复仇与救赎', '超自然现象', '面对过去']"
529,"['友情', '犯罪与黑帮', '生活困境', '忠诚与承诺', '爱情与选择']"
530,"['友情', '成长', '创新与反传统', '冒险', '团结与支持', '忠诚与团结']"
531,"['爱情', '友情', '自我成长', '爱情与选择', '勇气与冒险']"
532,"['信任与诚实', '勇气与冒险', '生命与死亡', '非亲生家庭关系', '友情与成长', '忠诚与承诺']"
533,"['女性力量与平等', '信任与诚实', '勇气与冒险', '忠诚与承诺', '犯罪与黑帮']"
534,"['勇气与冒险', '团结与支持', '忠诚与承诺', '真相与谎言', '生死与和平']"
535,"['团结与支持', '牺牲奉献', '忠诚与承诺', '勇气与冒险', '坚定信念', '勇气和决心']"
536,"['人与自然', '团结与支持', '勇气与冒险', '自我成长', '亲情与关怀', '战斗与生存']"
537,"['忠诚与团结', '勇气与冒险', '忠诚与承诺', '牺牲奉献', '军事行动', '忠诚与团队合作']"
538,"['犯罪与黑帮', '勇气与冒险', '忠诚与承诺', '牺牲奉献', '信任与诚实', '家庭团圆']"
539,"['父女关系', '自我成长与挑战', '勇敢面对', '团结与支持']"
540,"['面对困境与挑战', '复仇与救赎', '人与自然', '勇气与决心', '坚定信念', '忠诚与背叛']"
541,"['探险与冒险', '忠诚与承诺', '勇气与冒险', '魔法与传说']"
542,"['面对困境与挑战', '信任与诚实', '犯罪与黑帮', '忠诚与承诺', '真相与谎言', '敌对与和解']"
543,"['犯罪与黑帮', '真相与谎言', '敌对与和解']"
544,"['青春与成长', '勇气与冒险', '友情', '团结与支持', '神秘与魔法', '敌对与和解']"
545,"['面对困境与挑战', '勇气与冒险', '犯罪与黑帮', '信任与诚实', '敌对与和解', '忠诚与团结']"
546,"['魔法与传说', '文化传承', '勇气与冒险', '忠诚与承诺', '探险与冒险']"
547,"['生存挑战', '团结与支持', '恐怖与惊悚']"
548,"['忠诚与团结', '牺牲奉献', '勇气与冒险', '家庭团圆']"
549,"['技术与未来', '爱情与选择', '探险与冒险', '自我成长']"
550,"['勇气与冒险', '忠诚与团结', '牺牲奉献', '政治与权力', '友情']"
551,"['复仇与救赎', '忠诚与承诺', '江湖武侠', '家族恩怨']"
552,"['身份迷失', '忠诚与背叛', '遗忘与寻找真相', '政治与权力', '信任与欺骗']"
553,"['忠诚与背叛', '面对困境与挑战', '犯罪与黑帮', '敌对与和解']"
554,['生死抉择与奋斗']
555,"['复仇与救赎', '忠诚与背叛', '爱情与选择', '犯罪与黑帮', '敌对与和解', '勇气与冒险']"
556,"['身份迷失', '真相与谎言', '忠诚与背叛', '政治与权力', '生死抉择与奋斗']"
557,"['团结与支持', '友情', '非亲生家庭关系']"
558,"['恐怖与惊悚', '灵异现象', '惊悚氛围', '恶灵附身', '恐怖传说', '班庄·比辛达拿刚的导演风格']"
559,"['女性力量与平等', '青春与成长', '勇气与冒险', '魔法与传说', '魔法与超自然']"
560,"['忠诚与正义', '勇气与冒险', '真相与谎言', '面对困境与挑战']"
561,"['团队合作', '诚实与信任', '勇敢与冒险', '友谊', '自我发现', '动物主题']"
562,"['诚实与信任', '牺牲奉献', '勇敢与冒险', '生死抉择与奋斗', '团队合作']"
563,"['爱国主义', '诚实与信任', '牺牲奉献', '团队合作', '生死抉择与奋斗', '勇敢与冒险']"
564,"['生存挑战', '团队合作', '人与自然', '勇气与决心', '人与自然']"
565,"['自我发现', '信任与诚实', '勇气与决心', '友谊', '坚定信念', '诚实与信任']"
566,"['忠诚与背叛', '犯罪与黑帮', '复仇与救赎', '勇气与决心', '团队合作', '生死抉择与奋斗']"
567,"['魔法与传说', '勇气与决心', '父子/父女关系', '恐怖传说']"
568,"['友谊', '自我发现', '探险与冒险', '勇气与决心', '教育', '团队合作']"
569,"['团队合作', '勇气与决心', '爱国主义', '诚实与信任', '生存挑战', '生死与和平']"
570,"['探险与挑战', '勇气与决心', '真相与谎言', '团队合作', '父女关系', '生死抉择与奋斗']"
571,"['真相与谎言', '犯罪与黑帮', '忠诚与背叛']"
572,"['生存挑战', '勇气与决心', '团队合作', '人与自然']"
573,"['爱国主义', '勇气与决心', '牺牲奉献', '诚实与信任', '女性力量与平等', '生死与和平']"
574,"['勇气与决心', '团队合作', '生存挑战', '信任与诚实', '探险与冒险']"
575,"['自我发现', '友谊', '身份迷失', '支持和鼓励', '团队合作']"
576,"['忠诚与背叛', '友谊', '生死抉择与奋斗', '复仇与救赎', '犯罪与黑帮']"
577,"['恐怖传说', '身份迷失', '灵异现象', '忠诚与背叛']"
578,"['面对困境与挑战', '勇气与决心', '团队合作', '爱国主义', '牺牲奉献', '生死与和平', '诚实与信任']"
579,"['面对困境与挑战', '真相与谎言', '忠诚与背叛', '恶灵附身', '生死抉择与奋斗', '灵异现象']"
580,"['团队合作', '家庭团圆', '自我发现', '父子/父女关系', '亲情疏远与和解', '爱情与选择']"
581,"['面对困境与挑战', '团队合作', '生死抉择与奋斗', '心理与健康', '信任与诚实', '勇气与决心']"
582,"['面对困境与挑战', '生存挑战', '人与自然', '技术与未来', '生死与和平']"
583,"['爱国主义', '团队合作', '勇气与决心', '牺牲奉献', '诚实与信任', '生死与和平']"
584,"['团队合作', '勇气与决心', '诚实与信任', '生死抉择与奋斗', '爱国主义', '技术与未来']"
585,"['犯罪与黑帮', '复仇与救赎', '惊悚氛围', '真相与谎言', '生死抉择与奋斗', '忠诚与背叛']"
586,"['爱情与选择', '爱与牺牲', '音乐与情感', '诚实与信任']"
587,"['诚实与信任', '勇气与决心', '团队合作', '江湖武侠', '自我发现', '家族恩怨']"
588,"['生存挑战', '友情与成长', '团队合作', '接受和包容', '人与自然']"
589,"['家庭矛盾与和解', '犯罪与黑帮', '自我发现', '社会问题']"
590,"['神秘氛围', '灵异现象', '探险', '九宫八卦', '勇敢与冒险', '古镇传说']"
591,"['真相与谎言', '复仇与救赎', '团队合作', '勇气与决心', '生死抉择与奋斗']"
592,"['家族恩怨', '信仰与选择', '自我发现', '政治与权力', '文化传承', '团队合作']"
593,"['勇气与决心', '牺牲奉献', '父子/父女关系', '团队合作', '爱情与选择', '自我发现']"
594,"['团队合作', '勇气与决心', '支持和鼓励', '信任与诚实', '自我发现']"
595,"['身份迷失', '忠诚与背叛', '生死与和平', '爱国主义', '生死抉择与奋斗']"
596,"['勇气与决心', '父子/父女关系', '诚实与信任', '民族自尊', '武侠精神', '自我发现']"
597,"['爱国主义', '民族自尊', '团结与支持', '政治与权力', '历史与文明', '爱国情怀']"
598,"['生死与和平', '生存挑战', '团队合作', '诚实与信任', '勇气与决心', '爱国主义']"
599,"['爱国主义', '民族自尊', '勇气与决心', '牺牲奉献', '团队合作', '生死与和平']"
600,"['牺牲奉献', '勇气与决心', '团队合作', '生死抉择与奋斗', '诚实与信任', '生死与和平']"
601,"['神秘氛围', '探险与冒险', '勇气与决心', '团队合作']"
602,"['和解与成长', '友情与信任', '人与自然', '家庭与亲情', '接受和包容', '文化传承']"
603,"['家庭支持与励志', '女性力量与平等', '父子/父女关系', '坚定信念', '自我发现', '挑战传统观念']"
604,"['儿童与成长', '家庭团圆', '友谊', '勇气与冒险', '正义与勇敢', '爱心与关怀']"
605,"['团队合作', '家庭支持与励志', '勇气与决心', '信任与诚实', '自我发现']"
606,"['复仇与救赎', '面对困境与挑战', '政治与权力', '爱情与选择', '爱与牺牲', '诚实与信任']"
607,"['家庭矛盾与和解', '自我发现', '团队合作', '父女关系']"
608,"['人与自然', '生死抉择与奋斗', '人与自然', '生存挑战']"
609,"['生存挑战', '人与自然', '战斗与生存', '技术与未来', '爱与牺牲']"
610,"['技术与未来', '团队合作', '犯罪与黑帮', '探险与冒险', '信任与诚实']"
611,"['爱与牺牲', '民族自尊', '爱国主义', '诚实与信任', '勇气与决心', '团队合作']"
612,"['团队合作', '勇气与决心', '创新与反传统', '自我发现', '友谊', '音乐与情感']"
613,"['复仇与救赎', '面对困境与挑战', '真相与谎言', '犯罪与黑帮', '忠诚与背叛']"
614,"['政治与权力', '民族自尊', '爱国主义', '生死与和平', '选择与后果', '忠诚与背叛']"
615,"['牺牲奉献', '团队合作', '诚实与信任', '生死抉择与奋斗', '生死与和平']"
616,"['爱与牺牲', '勇气与决心', '团队合作', '生死抉择与奋斗', '生死与和平', '诚实与信任']"
617,"['政治与权力', '爱与牺牲', '犯罪与黑帮', '诚实与信任', '真相与谎言', '选择与后果']"
618,"['友谊', '自我发现', '团队合作', '探险与冒险', '创新与反传统']"
619,"['自我发现', '友情与成长', '勇气与冒险', '教育', '儿童与成长', '亲情与关怀']"
620,"['爱与牺牲', '父子/父女关系', '诚实与信任', '复仇与救赎', '爱情与选择', '团队合作']"
621,"['团队合作', '勇气与冒险', '自我发现', '友情与成长', '儿童与成长', '挑战与克服困难']"
622,"['团队合作', '勇气与决心', '犯罪与黑帮', '战斗与成长', '生死抉择与奋斗']"
623,"['青春与成长', '爱情与选择', '勇气与决心', '神秘氛围', '探险与冒险']"
624,"['民族自尊', '父子/父女关系', '恩怨纠缠', '爱情与选择', '诚实与信任', '勇气与决心']"
625,"['团队合作', '勇气与决心', '生存挑战', '信任与诚实', '选择与后果']"
626,"['神秘氛围', '面对困境与挑战', '真相与谎言', '探险与冒险', '勇气与决心', '恐怖与惊悚']"
627,['复仇与救赎']
628,"['友谊', '勇气与决心', '自我发现', '环保意识', '团队合作', '女性力量与平等']"
629,"['真相与谎言', '身份迷失', '人际关系']"
630,"['勇气与决心', '家庭支持与励志', '团结与支持']"
631,"['面对困境与挑战', '牺牲奉献', '诚实与信任', '勇气与决心', '生死与和平', '选择与后果']"
632,"['女性力量与平等', '勇气与决心', '爱国主义', '友情与成长', '团队合作', '文化传承']"
633,"['友情', '支持和鼓励', '团队合作', '自我发现', '生活与爱情', '诚实与信任']"
634,"['民族自尊', '爱国主义', '爱与牺牲', '团队合作', '诚实与信任', '生死与和平']"
635,"['民族自尊', '复仇与救赎', '江湖武侠', '团队合作', '家族恩怨', '诚实与信任']"
636,"['爱国情怀', '团队合作', '勇气与决心', '民族自尊', '生死与和平']"
637,"['爱情与选择', '友谊', '团队合作']"
638,"['民族自尊', '爱国主义', '坚定信念', '牺牲奉献', '团队合作', '生死抉择与奋斗']"
639,"['团队合作', '珍惜生命', '惊悚氛围', '生死抉择与奋斗', '勇气与决心', '探险与挑战']"
640,"['自我发现', '勇气与决心', '探险与冒险', '爱与自由']"
641,"['民族自尊', '爱国主义', '生死与和平', '勇气与决心', '牺牲奉献', '团队合作']"
642,"['民族自尊', '爱国主义', '勇气与决心', '爱与牺牲', '团队合作', '生死抉择与奋斗']"
643,"['团结与支持', '犯罪与黑帮', '勇气与决心', '恶搞与搞笑']"
644,"['战斗与生存', '父女关系', '家庭支持与励志', '人与自然']"
645,"['人与自然', '友谊', '自我发现', '探险与挑战']"
646,"['爱情与选择', '挑战传统观念']"
647,"['儿童与成长', '恶搞与搞笑', '探险与冒险', '梦境与现实']"
648,"['犯罪与黑帮', '诚实与信任', '贪婪与道德']"
649,"['爱与牺牲', '团队合作', '爱国主义', '生死抉择与奋斗', '勇气与决心', '犯罪与黑帮']"
650,"['探索与冒险', '团队合作', '勇气与决心', '神秘力量', '家庭支持与励志', '父女关系']"
651,"['亲情疏远与和解', '父子/父女关系']"
652,"['人与自然', '爱与牺牲', '战斗与生存', '人与自然', '勇气与决心', '探索与冒险']"
653,"['复仇与救赎', '犯罪与黑帮', '诚实与信任', '团队合作']"
654,"['家庭矛盾与和解', '父女关系', '民间传说与传统文化', '探索与冒险', '团队合作', '友谊']"
655,"['家族恩怨', '爱情与选择', '犯罪与黑帮', '敌对与和解', '忠诚与背叛']"
656,"['黑暗幽默', '自我发现', '英雄成长', '探索与冒险', '英雄与救赎', '勇气与决心']"
657,"['人与自然', '生存挑战', '选择与后果', '技术与未来', '恐怖与惊悚', '人与自然']"
658,"['民族自尊', '家庭支持与励志', '团结与支持', '探索与冒险', '江湖武侠']"
659,"['神秘氛围', '恶灵附身', '惊悚氛围', '探索真相']"
660,"['江湖武侠', '忠诚与背叛', '武侠精神', '勇气与决心', '友谊', '家族恩怨']"
661,"['政治与权力', '爱与牺牲', '团队合作', '勇气与决心', '生死与和平']"
662,"['生存挑战', '面对困境与挑战', '生死抉择与奋斗', '惊悚氛围', '动物主题']"
663,"['真相与谎言', '家庭矛盾与和解', '忠诚与背叛', '夫妻关系']"
664,"['团队合作', '民族自尊', '勇气与决心', '生死与和平', '爱国主义', '牺牲奉献']"
665,"['神秘氛围', '探险与冒险', '江湖武侠', '真相与谎言', '诚实与信任', '探索与冒险']"
666,"['家庭支持与励志', '勇气与决心', '父子/父女关系', '爱与牺牲', '团结与支持', '民族自尊']"
667,"['勇气与决心', '团队合作', '探索与冒险', '犯罪与黑帮']"
668,"['家庭支持与励志', '自我发现', '友谊', '团队合作', '勇气与决心', '父子/父女关系']"
669,"['探险与冒险', '团队合作', '技术与未来', '人与自然', '自我发现']"
670,"['爱情与选择', '生死抉择与奋斗', '人与自然', '面对困境与挑战']"
671,"['民族自尊', '爱国情怀', '生死与和平', '生死抉择与奋斗', '诚实与信任', '爱情与选择']"
672,"['女性力量与平等', '诚实与信任', '探索与冒险', '武侠精神', '犯罪与黑帮']"
673,"['自我发现', '爱情与选择', '勇气与决心', '团队合作', '音乐与情感', '民间传说与传统文化']"
674,"['面对困境与挑战', '信任和背叛', '真相与谎言', '探险与冒险', '恶搞与搞笑', '生死抉择与奋斗']"
675,"['自我发现', '勇气与决心', '爱与牺牲', '团队合作', '友谊']"
676,"['权力斗争', '友谊与背叛', '警察与侦探', '真相与谎言', '生活与选择', '家族矛盾']"
677,"['团队合作', '勇气与决心', '爱与牺牲', '探索与冒险']"
678,"['牺牲奉献', '诚实与信任', '复仇与救赎', '探索与冒险', '爱与牺牲']"
679,"['生存挑战', '面对困境与挑战', '人与自然', '忍耐与坚持', '勇气与决心', '回归自然']"
680,"['生存挑战', '家庭团圆', '团队合作', '父子/父女关系', '人性的挣扎', '勇气与决心']"
681,"['团队合作', '勇气与决心', '诚实与信任', '探索与冒险', '爱国主义', '军事题材']"
682,"['民族自尊', '爱国主义', '勇气与决心', '牺牲奉献', '团队合作', '生死与和平']"
683,"['复仇与救赎', '团队合作', '探索与冒险']"
684,"['民族自尊', '爱与牺牲', '家庭支持与励志', '团结与支持', '人与自然', '青春与成长']"
685,"['生存挑战', '真相与谎言', '生死与和平', '团队合作', '神秘氛围', '探险与挑战']"
686,"['爱情与选择', '自我发现', '民间传说与传统文化', '信任与诚实']"
687,"['团队合作', '爱国主义', '勇气与决心', '生死与和平', '生死抉择与奋斗', '诚实与信任']"
688,"['团队合作', '勇气与决心', '探索与冒险', '生死抉择与奋斗', '技术与未来']"
689,"['民族自尊', '勇气与决心', '爱国情怀', '团队合作', '牺牲奉献', '生死与和平']"
690,"['家庭矛盾与和解', '自我发现', '友谊与背叛', '挑战传统观念', '爱情与选择', '音乐与情感']"
691,"['牺牲奉献', '警察与侦探', '团队合作', '真相与谎言', '诚实与信任']"
692,"['复仇与救赎', '牺牲奉献', '勇气与决心', '英雄与救赎', '犯罪与黑帮', '贪婪与道德']"
693,"['家族恩怨', '政治与权力', '真相与谎言', '友谊与背叛']"
694,"['家族恩怨', '友谊与背叛', '探索与冒险', '权力斗争', '贪婪与道德', '九宫八卦']"
695,"['团队合作', '探索与冒险', '勇气与决心', '友谊与背叛', '家族恩怨', '笑料百出']"
696,"['牺牲奉献', '生死抉择与奋斗', '团队合作', '探索与冒险', '时空轮回与改变命运']"
697,"['民族自尊', '家庭支持与励志', '父子/父女关系', '探索与冒险', '勇气与决心', '爱情与选择']"
698,"['复仇与救赎', '犯罪与黑帮', '身份迷失', '探索与冒险', '勇气与决心']"
699,"['爱情与选择', '友谊与背叛', '挑战传统观念', '笑料百出', '自我发现']"
700,"['复仇与救赎', '政治与权力', '贪婪与道德', '挑战传统观念']"
701,"['民族自尊', '友谊与背叛', '团队合作', '生死与和平', '爱国情怀', '牺牲奉献']"
702,"['技术与未来', '生物突变', '探险与冒险', '自我发现', '生存挑战', '人与自然']"
703,"['生物突变', '探险与冒险', '技术与未来', '生存挑战', '恐怖与惊悚', '真相与谎言']"
704,"['面对困境与挑战', '犯罪与黑帮', '友谊与背叛', '恶搞与搞笑', '悬疑与谜题']"
705,"['民族自尊', '爱与牺牲', '生死与和平', '勇气与决心', '团队合作', '爱国主义']"
706,"['自我发现', '爱情与选择', '忠诚与背叛', '友谊与背叛', '黑暗势力与正义', '勇气与决心']"
707,"['家庭团圆', '探索与冒险', '友谊与背叛', '诚实与信任', '恶搞与搞笑']"
708,"['政治与权力', '信任和背叛', '诚实与信任', '真相与谎言', '选择与后果']"
709,"['自我发现', '面对困境与挑战', '友谊与背叛', '勇气与决心', '团队合作']"
710,"['自我发现', '友谊与背叛', '挑战传统观念', '恶搞与搞笑', '探险与挑战', '诚实与信任']"
711,"['团队合作', '音乐与情感', '勇敢与冒险', '爱情与选择', '家庭团圆', '自我发现']"
712,"['宗教信仰', '家庭矛盾与和解', '生死抉择与奋斗', '探索与冒险', '父子/父女关系', '信任与诚实']"
713,"['自然与环境保护', '忠诚与团队合作', '科学探险', '勇气与决心', '自我发现', '家庭与亲情']"
714,"['勇气与决心', '友情与成长', '团队合作', '生活与选择', '探索与冒险', '儿童与成长']"
715,"['友情与团结', '战斗与成长', '保护家园', '敌对与和解', '自我发现', '动物主题']"
716,"['家庭支持与励志', '团队合作', '勇气与决心', '爱与牺牲', '超能力']"
717,"['爱国情怀', '牺牲奉献', '生死与和平', '勇气与决心', '团队合作', '生死抉择与奋斗']"
718,"['民族自尊', '爱国主义', '勇气与决心', '团队合作', '生死与和平', '生死抉择与奋斗']"
719,"['自我发现', '家庭矛盾与和解', '父子/父女关系', '勇气与冒险', '人与自然', '团队合作']"
720,"['民族自尊', '牺牲奉献', '爱情与选择', '勇气与决心', '诚实与信任']"
721,"['母女关系', '自我发现', '家庭矛盾与和解', '友情与成长']"
722,"['面对困境与挑战', '探险与挑战', '生死抉择与奋斗', '团队合作', '神秘力量']"
723,"['恶搞与搞笑', '家庭支持与励志', '自我发现', '挑战传统观念', '团队合作']"
724,"['爱与牺牲', '选择与后果', '团队合作', '勇气与决心', '警察与侦探']"
725,"['友情与合作', '自我发现', '探险与冒险', '团结与支持', '梦想与挑战', '亲子关系']"
726,"['家庭矛盾与和解', '爱情与选择', '诚实与信任', '生死抉择与奋斗', '勇气与决心', '友谊与背叛']"
727,"['民族自尊', '爱国主义', '家庭支持与励志', '团结与支持', '探索与冒险', '勇气与决心']"
728,"['团队合作', '勇气与决心', '牺牲奉献', '面对困境与挑战']"
729,"['魔法与传说', '神秘力量', '家族恩怨']"
730,"['神秘氛围', '江湖武侠', '民族自尊', '爱国主义', '挑战传统观念']"
731,"['民族自尊', '牺牲奉献', '爱国情怀', '革命斗争', '团队合作', '勇气与决心']"
732,"['团队合作', '民族自尊', '探索与冒险', '勇气与决心', '运动精神', '自我发现']"
733,"['民族自尊', '爱国主义', '勇气与决心', '牺牲奉献', '团队合作', '生死与和平']"
734,"['家庭支持与励志', '自我发现', '探索与冒险', '团队合作', '勇气与决心', '父子/父女关系']"
735,"['友谊与背叛', '黑暗幽默', '探索与冒险', '犯罪与黑帮', '警察与侦探', '选择与后果']"
736,"['民族自尊', '团队合作', '勇气与决心', '爱情与选择', '探索与冒险']"
737,"['真相与谎言', '生死抉择与奋斗', '探险与挑战', '恶灵附身', '人与自然']"
738,"['爱与牺牲', '探索与冒险', '英雄与救赎']"
739,"['江湖武侠', '勇气与决心', '忠诚与背叛', '家族恩怨', '恩怨情仇']"
740,"['团队合作', '爱与牺牲', '勇气与决心', '魔法世界', '黑暗势力与正义', '探险与挑战']"
741,"['自我发现', '家庭团圆', '团队合作', '父女关系', '探险与冒险', '友谊']"
742,"['警察与侦探', '探索与冒险', '犯罪与黑帮', '诚实与信任', '友谊与背叛', '家庭矛盾与和解']"
743,"['民族自尊', '爱国主义', '父女关系', '勇气与决心', '生死与和平', '诚实与信任']"
744,"['自我发现', '友情与成长', '笑料百出']"
745,"['爱国情怀', '民族自尊', '牺牲奉献', '团队合作']"
746,"['团队合作', '牺牲奉献', '诚实与信任', '探索与冒险', '勇气与决心']"
747,"['人与机器的斗争', '技术与未来', '牺牲奉献', '探索与冒险', '忠诚与背叛']"
748,"['家庭矛盾与和解', '友情与成长', '搞笑', '挑战传统观念']"
749,"['民族自尊', '爱与牺牲', '爱情与选择', '复仇与救赎', '恩怨情仇']"
750,"['爱情与选择', '团队合作', '恶搞与搞笑']"
751,"['团队合作', '生死抉择与奋斗', '民族自尊', '爱国主义', '生死与和平', '诚实与信任']"
752,"['民族自尊', '牺牲奉献', '团队合作', '勇气与决心', '生死与和平', '爱国情怀']"
753,"['爱与牺牲', '探索与冒险', '真相与谎言', '忠诚与背叛', '父子/父女关系', '生死抉择与奋斗']"
754,"['命运与抗争', '爱情与选择', '政治与权力', '爱与牺牲', '勇气与决心', '惊悚氛围']"
755,"['自我发现', '团队合作', '勇气与决心', '父子/父女关系', '魔法世界', '友谊']"
756,"['团队合作', '勇气与决心', '牺牲奉献', '反恐精英', '保护家园', '能源危机']"
757,"['团队合作', '爱与牺牲', '勇气与决心', '犯罪与黑帮']"
758,"['生存挑战', '真相与谎言', '恐怖氛围', '战斗与生存']"
759,"['自我发现', '勇气与决心', '探索与冒险', '坚定信念', '团队合作', '持之以恒']"
760,"['复仇与救赎', '政治与权力', '犯罪与黑帮', '探索与冒险']"
761,"['团队合作', '友情与成长', '勇气与决心']"
762,"['牺牲奉献', '团队合作', '诚实与信任', '警察与侦探']"
763,"['民族自尊', '爱国主义', '勇气与决心', '牺牲奉献', '团队合作', '生死与和平']"
764,"['团队合作', '勇气与决心', '保护家园', '探索与冒险', '笑料百出']"
765,"['勇气与决心', '民族自尊', '政治与权力', '爱与牺牲', '父子/父女关系', '恩怨情仇', '爱情与选择']"
766,"['女性力量与平等', '黑暗幽默', '生活与选择', '友谊与背叛']"
767,"['复仇与救赎', '家族恩怨', '犯罪与黑帮', '友谊与背叛', '警察与侦探', '勇气与决心']"
768,"['团队合作', '自我发现', '勇气与决心', '友谊', '家庭团圆']"
769,"['民族自尊', '爱情与选择', '团队合作', '音乐与情感', '民间传说与传统文化', '自然美景']"
770,"['自我发现', '友情与合作', '勇气与决心', '环保意识', '技术与未来', '儿童与成长']"
771,"['神秘氛围', '悬疑与谜题', '恶搞与搞笑']"
772,"['团队合作', '勇气与决心', '探索与冒险', '友谊与背叛', '魔法世界', '政治与权力']"
773,"['武侠精神', '神秘力量', '江湖武侠', '探索与冒险']"
774,"['恩怨情仇', '惊悚氛围']"
775,"['父女关系', '爱情与选择', '探索与冒险', '友谊']"
776,"['家庭矛盾与和解', '面对困境与挑战', '友情与成长', '勇气与冒险', '犯罪与黑帮', '生死抉择与奋斗']"
777,"['面对困境与挑战', '探险与挑战', '生活与选择', '团队合作', '爱情与选择']"
778,"['团队合作', '爱与牺牲', '探索与冒险', '勇气与决心', '恶搞与搞笑', '友谊']"
779,"['家族恩怨', '勇气与决心', '友谊与背叛', '探索与冒险', '犯罪与黑帮', '女性力量与平等']"
780,"['命运与抗争', '梦境与现实', '选择与后果', '心理与健康', '真相与谎言']"
781,"['家族恩怨', '魔法与传说', '民族自尊', '勇气与决心', '爱与牺牲']"
782,"['自我发现', '友谊与支持', '艺术与音乐', '爱情与选择', '探索与冒险', '自由与反叛']"
783,"['家庭矛盾与和解', '父子/父女关系', '面对困境与挑战', '爱与牺牲', '爱与亲情', '犯罪与黑帮']"
784,"['家族恩怨', '忠诚与背叛', '武侠精神', '江湖武侠', '政治与权力', '恩怨情仇']"
785,"['警察与侦探', '犯罪与黑帮', '反腐斗争', '团队合作', '真相与谎言', '勇气与决心']"
786,"['恶搞与搞笑', '恐怖传说', '悬疑与谜题']"
787,"['自我发现', '家庭矛盾与和解', '诚实与信任', '挫折与挑战', '爱情与选择', '生活与选择']"
788,"['团队合作', '牺牲奉献', '犯罪与黑帮', '警察与侦探', '诚实与信任', '持之以恒']"
789,"['政治与权力', '复仇与救赎', '牺牲奉献', '诚实与信任', '探索与冒险', '保护家园']"
790,"['人与自然', '生物突变', '战斗与生存', '居住环境', '责任与力量', '勇气与决心']"
791,"['警察与侦探', '牺牲奉献', '面对困境与挑战', '权力斗争', '勇气与决心', '真相与谎言']"
792,"['机器人与人类冲突', '生存与抵抗', '未来预言', '人工智能', '技术与道德', '勇气与决心']"
793,"['民族自尊', '魔法与传说', '神秘力量', '团队合作', '勇气与决心', '信任与诚实']"
794,"['探索与冒险', '面对困境与挑战', '生死抉择与奋斗', '勇气与决心', '亲情疏远与和解', '自我发现']"
795,"['团队合作', '探索与冒险', '运动精神', '自我发现', '持之以恒', '信任与诚实']"
796,"['警察与侦探', '牺牲奉献', '反腐斗争', '团队合作', '真相与谎言', '勇气与决心']"
797,"['诚实与信任', '自我发现', '爱情与选择', '人与怪兽的界限', '团队合作', '勇气与决心']"
798,"['父女关系', '勇气与决心', '自我发现', '团队合作', '技术与未来']"
799,"['面对困境与挑战', '忠诚与背叛', '友谊与背叛', '勇气与决心', '恩怨情仇', '爱与牺牲']"
800,"['团队合作', '真相与谎言', '犯罪与黑帮', '忠诚与背叛', '探索与冒险', '信任与诚实']"
801,"['悬疑与谜题', '真相与谎言', '心理与健康', '爱情与选择', '面对困境与挑战', '家庭矛盾与和解']"
802,"['民族自尊', '爱国主义', '勇气与决心', '爱与牺牲', '团队合作', '持之以恒']"
803,"['团队合作', '民族自尊', '古镇传说', '勇气与决心']"
804,"['团队合作', '勇气与决心', '探索与冒险', '生死抉择与奋斗', '爱与牺牲']"
805,"['团队合作', '勇气与决心', '民族自尊', '诚实与信任']"
806,"['团队合作', '勇气与决心', '神秘氛围', '生死抉择与奋斗', '魔法与传说']"
807,"['反腐斗争', '团队合作', '警察与侦探', '信任与诚实', '犯罪与黑帮']"
808,"['恐怖传说', '灵异现象', '神秘氛围', '惊悚氛围', '遗忘与寻找真相']"
809,"['团队合作', '友谊与背叛', '保护家园']"
810,"['面对困境与挑战', '爱情与选择', '搞笑元素', '勇气与决心', '友谊', '持之以恒']"
811,"['诚实与信任', '江湖武侠', '爱情与选择', '团队合作', '勇气与决心']"
812,"['勇气与决心', '牺牲奉献', '团队合作', '探索与冒险', '警察与侦探', '生死抉择与奋斗']"
813,"['反恐精英', '面对困境与挑战', '诚实与信任', '犯罪与黑帮', '保护家园', '勇气与决心']"
814,"['父子/父女关系', '探险与冒险', '神秘力量', '生死抉择与奋斗']"
815,"['生物突变', '惊悚氛围']"
816,"['生物突变', '团队合作', '自然与环境保护', '机器人格斗', '探索与冒险', '技术与未来']"
817,"['复仇与救赎', '犯罪与黑帮', '悬疑与谜题', '真相与谎言', '警察与侦探']"
818,"['团队合作', '勇气与决心', '牺牲奉献', '政治与权力', '生死与和平', '探索与冒险']"
819,"['女性力量与平等', '自我发现', '爱情与选择', '信任与诚实', '诚实与信任', '生活与选择']"
820,"['反腐斗争', '警察与侦探', '犯罪与黑帮', '诚实与信任']"
821,"['友情与成长', '勇气与决心', '团队合作', '技术与未来', '梦想与奋斗', '环保意识']"
822,"['反腐斗争', '诚实与信任', '犯罪与黑帮', '警察与侦探', '牺牲奉献', '探索与冒险']"
823,"['牺牲奉献', '爱与牺牲', '犯罪与黑帮', '诚实与信任', '探索与冒险']"
824,"['恶搞与搞笑', '恐怖传说', '悬疑与谜题', '犯罪与黑帮']"
825,"['生死与和平', '勇气与决心', '牺牲奉献', '家庭支持与励志', '团结与支持', '选择与后果']"
826,"['面对困境与挑战', '复仇与救赎', '犯罪与黑帮', '警察与侦探', '家族恩怨', '真相与谎言']"
827,"['面对困境与挑战', '团队合作', '勇气与决心', '神秘力量', '探险与冒险']"
828,"['家庭友好', '自我发现', '友谊', '勇气与决心', '文化传承']"
829,"['爱情与选择', '生命与死亡']"
830,"['团队合作', '诚实与信任', '友谊与背叛', '笑料百出', '江湖武侠']"
831,"['民族自尊', '魔法与传说', '家庭支持与励志', '神秘氛围', '家庭团圆', '江湖武侠']"
832,"['人工智能', '爱与牺牲', '技术与未来']"
833,"['团队合作', '勇气与决心', '探索与冒险', '友谊', '爱心与关怀']"
834,"['人与怪兽的界限', '团队合作']"
835,"['生存挑战', '战斗与生存', '惊悚氛围', '爱与牺牲', '团队合作']"
836,"['自我发现', '诚实与信任', '勇气与决心', '家庭友好', '爱情与选择']"
837,"['家庭友好', '恶搞与搞笑', '动物主题', '自我发现', '友谊与背叛']"
838,"['生活与选择', '贪婪与道德', '犯罪与黑帮', '探索与冒险', '人性的挣扎', '生死抉择与奋斗']"
839,"['恶搞与搞笑', '爱情与选择', '团队合作']"
840,['生物突变']
841,"['女性力量与平等', '自我发现', '爱情与选择', '面对困境与挑战', '坚定信念']"
842,"['生死抉择与奋斗', '真相与谎言', '恐怖氛围', '生存挑战']"
843,"['犯罪与黑帮', '诚实与信任', '警察与侦探', '生死抉择与奋斗']"
844,"['武侠精神', '民族自尊', '恩怨情仇', '师徒关系', '传奇人物']"
845,"['技术与未来', '机器人格斗', '生物突变', '团队合作', '探索与冒险']"
846,"['爱国主义', '民族自尊', '生死与和平', '牺牲奉献', '团队合作', '勇气与决心']"
847,"['爱情与选择', '贪婪与道德', '犯罪与黑帮', '探索与冒险']"
848,"['正义与冤屈', '坚定信念', '真相与谎言', '人性与道德', '亲情与牺牲']"
849,"['生死抉择与奋斗', '战斗与生存', '团队合作', '自然与环境保护', '探索与冒险', '技术与未来']"
850,"['面对困境与挑战', '勇气与决心', '团队合作', '自我发现', '信任与诚实', '家庭友好']"
851,"['爱国主义', '民族自尊', '勇气与决心', '爱与牺牲', '团队合作', '生死与和平']"
852,"['勇气与决心', '父子/父女关系', '团队合作', '爱国主义', '生死与和平', '诚实与信任']"
853,"['家族恩怨', '忠诚与背叛', '权力斗争', '犯罪与黑帮', '勇气与决心', '友谊与背叛']"
854,"['家庭矛盾与和解', '友情与成长', '恶搞与搞笑']"
855,"['面对困境与挑战', '真相与谎言', '恶搞与搞笑', '友谊', '悬疑氛围']"
856,"['反腐斗争', '犯罪与黑帮', '警察与侦探', '勇气与决心', '持之以恒', '真相与谎言']"
857,"['神秘氛围', '探险与冒险', '神秘力量', '真相与谎言', '团队合作', '勇气与决心']"
858,"['道教主题', '魔法与传说', '降龙降世', '济公', '中国文化', '探险与挑战']"
859,"['民族文化', '魔法与传说', '爱情与选择', '传统与创新', '善恶抉择', '友情与成长']"
860,"['自我发现', '友谊与团队精神', '勇敢与冒险', '魔法世界', '家庭友好', '自然与环境保护']"
861,"['友情', '自我发现', '探险与冒险', '团队合作', '家庭友好', '魔法世界']"
862,"['诚实与信任', '恩怨情仇', '江湖武侠', '勇气与决心']"
863,"['诚实与信任', '勇气与决心', '团队合作', '反腐斗争', '犯罪与黑帮', '警察与侦探']"
864,"['正义与法律', '舆论压力', '真相与谎言', '法律伦理', '责任与力量', '社会问题']"
865,"['家庭友好', '亲情疏远与和解', '恶搞与搞笑', '团队合作']"
866,"['家庭矛盾与和解', '生活与选择', '恶搞与搞笑', '自我发现', '面对困境与挑战']"
867,"['战斗与生存', '面对困境与挑战', '生死抉择与奋斗', '团队合作', '勇气与决心', '环保意识']"
868,"['复仇与救赎', '警察与侦探', '犯罪与黑帮', '追击与逃亡']"
869,"['责任与力量', '探索与冒险', '生死与和平', '政治与权力', '诚实与信任']"
870,"['团队合作', '诚实与信任', '爱国情怀', '江湖武侠', '神秘氛围', '探索与冒险']"
871,"['复仇与救赎', '友谊与背叛', '犯罪与黑帮', '爱情与选择', '诚实与信任', '生死抉择与奋斗']"
872,"['搞笑', '团队合作', '诚实与信任', '犯罪与黑帮', '勇气与决心', '友谊']"
873,"['自我发现', '友谊', '勇气与决心', '面对困境与挑战', '生活与选择', '家庭友好']"
874,"['魔法与传说', '恶搞与搞笑', '爱情']"
875,"['责任与力量', '黑暗势力与正义']"
876,"['魔法与传说', '神秘氛围', '爱情与选择', '文化传承', '爱与牺牲']"
877,"['团队合作', '勇气与决心', '探索与冒险', '责任与力量', '反恐精英', '诚实与信任']"
878,"['责任与力量', '探索与冒险', '犯罪与黑帮', '爱情与选择', '勇气与决心']"
879,"['责任与力量', '勇气与决心', '技术与未来', '人与怪兽的界限', '自我发现']"
880,"['团队合作', '友谊', '搞笑', '自我发现', '勇气与冒险']"
881,"['权力斗争', '诚实与信任', '犯罪与黑帮', '贪婪与道德', '友谊与背叛', '正义与法律']"
882,"['家庭支持与励志', '爱情与选择', '责任与力量', '环保意识', '团队合作', '神秘力量']"
883,"['人与怪兽的界限', '神秘力量', '人与自然', '生物突变', '惊悚氛围', '环境保护与生存挑战']"
884,"['家庭矛盾与和解', '友情与成长', '忠诚与背叛', '社会底层', '犯罪与黑帮', '道德与选择']"
885,"['勇气与决心', '恩怨情仇', '友谊与背叛', '武侠精神', '搞笑']"
886,"['家庭矛盾与和解', '友情与成长', '勇气与冒险', '艰苦环境', '爱情与选择', '生活与选择']"
887,"['政治与权力', '民族自尊', '责任与力量', '技术与未来', '家族恩怨', '勇气与决心']"
888,"['家族恩怨', '真相与谎言', '惊悚氛围', '身份迷失', '犯罪与黑帮']"
889,"['权力斗争', '犯罪与黑帮', '诚实与信任', '正义与法律', '欲望与道德', '贪婪与道德']"
890,"['生死抉择与奋斗', '生存挑战', '战斗与生存', '技术与未来', '病毒爆发', '人与怪兽的界限']"
891,"['生物突变', '战斗与生存', '技术与未来', '恐怖与惊悚']"
892,"['政治与权力', '爱与牺牲', '犯罪与黑帮', '警察与侦探', '牺牲奉献', '团队合作']"
893,"['生死抉择与奋斗', '面对困境与挑战', '惊悚氛围', '警察与侦探', '犯罪与黑帮']"
894,"['恶搞与搞笑', '爱情与选择']"
895,"['生存挑战', '信任和背叛', '面对困境与挑战', '恐怖与惊悚', '真相与谎言', '人性的挣扎']"
896,"['面对困境与挑战', '友谊与背叛', '环保意识', '自我发现', '生死抉择与奋斗', '人与自然']"
897,"['反腐斗争', '保护家园', '犯罪与黑帮', '勇气与决心', '团队合作', '探索与冒险']"
898,"['自然与环境保护', '生死抉择与奋斗', '团队合作', '艰苦环境', '技术与未来']"
899,"['自我发现', '责任与力量', '接受和包容', '勇气与决心', '诚实与信任', '团队合作']"
900,"['江湖武侠', '诚实与信任', '恩怨情仇', '勇气与决心', '权力斗争', '家族恩怨']"
901,"['正义与法律', '犯罪与黑帮', '警察与侦探', '身份迷失']"
902,"['生存挑战', '战斗与生存', '恐怖氛围', '友谊与背叛', '惊悚氛围']"
903,"['信任与诚实', '权力斗争', '恩怨情仇', '爱情', '团队合作', '责任与力量']"
904,"['团队合作', '勇气与决心', '警察与侦探', '犯罪与黑帮', '爱与牺牲', '生死抉择与奋斗']"
905,"['自我发现', '友情与成长', '勇气与决心', '人与怪兽的界限', '友谊', '责任与力量']"
906,"['勇气与决心', '母女关系', '自我发现', '团队合作', '接受和包容', '民间传说与传统文化']"
907,"['自我发现', '友谊与背叛', '家庭友好', '团队合作', '勇气与决心', '技术与未来']"
908,"['江湖武侠', '恶搞与搞笑', '诚实与信任', '团队合作']"
909,"['诚实与信任', '爱情与选择', '犯罪与黑帮', '勇气与决心', '友谊与背叛']"
910,"['正义与法律', '诚实与信任', '持之以恒', '神秘氛围', '勇气与决心']"
911,"['生存挑战', '战斗与生存', '恐怖与惊悚', '技术与未来', '惊悚氛围', '人性与道德']"
912,"['自然与环境保护', '家庭友好', '自我发现', '友谊', '勇气与决心', '父女关系']"
913,"['爱情与选择', '团队合作', '勇气与决心', '自我发现', '友情与成长']"
914,"['家庭支持与励志', '政治与权力', '爱情与选择', '爱与牺牲', '恩怨情仇', '诚实与信任']"
915,"['正义与法律', '犯罪与黑帮', '宗教与罪恶', '人性的阴暗面', '责任与力量', '恐怖与惊悚']"
916,"['爱情与选择', '家族恩怨', '信任与诚实', '恩怨情仇']"
917,"['友情与成长', '爱情与选择', '家庭矛盾与和解', '女性力量与平等', '面对困境与挑战', '自我发现']"
918,"['家庭矛盾与和解', '诚实与信任', '自我发现', '爱情', '搞笑']"
919,"['信任与诚实', '团队合作', '勇气与决心', '爱与牺牲', '命运与抗争', '爱情与选择']"
920,"['环境保护与生存挑战', '爱情与选择', '技术与未来', '勇气与决心']"
921,"['武侠精神', '团队合作', '父子/父女关系', '诚实与信任', '民族自尊']"
922,"['家庭支持与励志', '爱情与选择', '勇气与决心', '友谊与背叛', '持之以恒']"
923,"['古镇传说', '灵异现象', '民间故事', '惊悚氛围', '恐怖传说', '神秘氛围']"
924,"['生死抉择与奋斗', '恐怖传说']"
925,"['保护家园', '牺牲奉献', '团队合作', '勇气与决心', '犯罪与黑帮', '责任与力量']"
926,"['女性力量与平等', '团队合作', '超能力', '希望与坚持']"
927,"['生存挑战', '团队合作', '自然与环境保护', '友情', '自我发现', '家庭友好']"
928,"['自我发现', '友谊与背叛', '家庭矛盾与和解', '爱情与选择', '青春与成长', '搞笑']"
929,"['勇气与决心', '生死抉择与奋斗', '友谊与背叛']"
930,"['生死抉择与奋斗', '警察与侦探', '真相与谎言', '忠诚与背叛', '勇气与决心', '团队合作']"
931,"['生命与死亡', '病毒传播', '生存挑战', '团队合作', '技术与未来', '战斗与生存']"
932,"['家庭友好', '儿童与成长', '节日与文化']"
933,"['民族自尊', '爱国主义', '牺牲奉献', '保护家园', '忠诚与团结', '生死与和平']"
934,"['自我发现', '家庭矛盾与和解', '友谊与背叛', '自我成长']"
935,"['欺诈与道德', '政治与权力', '诚实与信任', '爱情与背叛', '金钱欲望', '人性的挣扎']"
936,"['爱国情怀', '民族自尊', '信仰与选择', '魔法与传说', '忠诚与团结', '恩怨情仇']"
937,"['生存挑战', '战斗与生存', '人与自然', '勇气与决心', '团队合作', '恐怖与惊悚']"
938,"['选择与后果', '技术与未来', '黑暗势力与正义', '探险与冒险']"
939,"['复仇与救赎', '犯罪与黑帮', '黑暗势力与正义']"
940,"['困境与挑戰', '犯罪与黑帮', '信任和背叛', '生死抉择与奋斗', '勇气与决心', '友情']"
941,"['团队合作', '生存挑战', '勇气与决心', '真相与谎言', '信任和背叛', '友谊']"
942,"['正义与法律', '道德与选择', '友情与信任', '犯罪与黑帮', '英雄与决策', '警察与侦探']"
943,"['民族自尊', '魔法与传说', '爱国主义', '保护家园', '爱国情怀', '自我发现']"
944,"['家庭矛盾与和解', '诚实与信任', '勇气与决心', '生死抉择与奋斗', '友谊', '选择与后果']"
945,"['民族自尊', '武侠精神', '团队合作', '诚实与信任', '江湖武侠']"
946,"['家族恩怨', '友谊与背叛', '诚实与信任', '权力斗争', '父女关系']"
947,"['家庭矛盾与和解', '道德与法律', '惩罚与救赎', '亲情与责任', '信任和背叛', '悬疑与探索']"
948,"['政治与权力', '爱与牺牲', '战斗与生存', '勇气与决心', '团队合作', '信任与诚实']"
949,"['政治与权力', '爱与牺牲', '民族自尊', '爱国主义', '团结与支持', '犯罪与黑帮']"
950,"['民间传说与传统文化', '面对困境与挑战', '社会问题', '宽容和包容', '历史与文明', '团队合作']"
951,"['友情', '团队合作', '环保意识', '自我发现', '勇气与决心', '亲情与关怀']"
952,"['爱国情怀', '勇气与决心', '忠诚与团结', '爱国主义', '毅力与坚持', '团队合作']"
953,"['家庭友好', '友谊与背叛', '人与自然', '自然与环境保护', '技术与未来', '自我发现']"
954,"['爱与牺牲', '勇气与决心', '爱情与选择', '团结与支持']"
