tag,cluster
成长,0
儿童与成长,0
青春与成长,0
成长与蜕变,0
防范犯罪,1
民间传说与传统文化,2
创新与反传统,2
传统与创新,2
阴阳先生,3
沟通与理解,4
阳光与正能量,5
谋杀与调查,6
阴谋与权谋,6
间谍活动,7
控制与解脱,8
爱情与背叛,9
感情纠葛,9
回归自然,10
忍耐与智慧,11
犯罪与智慧,11
黑帮与善恶较量,12
黑帮与道义,12
犯罪与黑帮,12
职业道德,13
技术与道德,13
技术与未来,13
文化传承,14
武术传承,14
历史与文明,15
敌我难辨,16
励志故事,17
励志,17
喜剧式励志,17
爱国情怀,17
乐观向上,17
救赎,18
家族恩怨,19
恩怨纠缠,19
恩怨情仇,19
宝物争夺,20
历史事件,21
恐怖与挑战,22
环保意识,22
生存挑战,22
环境保护与生存挑战,22
挑战传统观念,22
英雄与决策,23
英雄责任,23
谜团解开,24
生活困境,25
官场腐败,26
企业抢夺战,27
歌舞与民间艺术,28
济公,29
犯罪与正义,30
正义与罪恶,30
正义与邪恶,30
正义与犯罪,30
正义与抗争,30
正义与冤屈,30
邪恶与正义,30
正义与勇敢,30
警匪对决,31
亲情与关怀,32
爱心与关怀,32
亲情与责任,32
社会责任与关爱,32
诅咒与解除,33
战斗与生存,34
生存与抵抗,34
人与自然的关系,35
人际关系,35
人妖之间,36
节日与文化,37
黑暗世界,38
黑暗与光明,38
真实事件改编,39
恐怖传说,40
魔法与传说,40
古镇传说,40
传说与神话,40
历史传说,40
法术与传说,40
变身与适应,41
适应与融入,41
语言与交流,42
面对过去,43
亲情疏远与和解,44
敌对与和解,44
人机合作,45
人工智能,45
危机应对,46
民间信仰,47
宗教信仰,47
暴力与救赎,48
复仇与救赎,48
英雄成长,49
战斗与成长,49
虚拟现实,50
非亲生家庭关系,51
人性善恶,52
人类潜能,52
逆境与挑战,53
逆境成长,53
文明与野蛮,54
动物主题,55
海盗文化,56
反恐任务,57
社交网络,58
贪婪与道德,59
信任与欺骗,59
欺诈与道德,59
道义与背叛,59
父子/父女关系,60
母女关系,60
父女关系,60
重拾信任,61
信任,61
英雄与恶人,62
爱国与敌人斗争,62
妖怪与人类关系,63
奉献和牺牲,64
生死与牺牲,64
生命与死亡,64
牺牲奉献,64
生死与和平,64
生死抉择与奋斗,64
家庭团聚,65
家庭与亲情,65
家庭和睦,65
家庭,65
家庭友好,65
家庭团圆,65
追击与逃亡,66
梦境与现实,67
记忆与现实,67
希望与坚持,68
毅力与坚持,68
忍耐与坚持,68
梦想与努力,68
梦想与挑战,68
运动精神,68
乐观与积极,68
武侠精神,68
梦想与奋斗,68
团结与支持,69
友谊与支持,69
忠诚与团队合作,69
友谊与团队精神,69
夫妻关系,70
师徒关系,70
邻里关系,70
敌友关系,70
民族自尊,71
民族文化,71
姐妹情谊,72
社会现象,73
惩罚与救赎,74
自由与反叛,74
自由与救赎,74
反叛与救赎,74
传递爱心,75
爱情,75
父爱,75
爱国主义,75
社会和谐,76
九宫八卦,77
人类与机器人的关系,78
机器人与人类冲突,78
自我接受,79
个人成长与自我救赎,79
人与怪兽的界限,80
遗忘与寻找真相,81
人类与外星生物交流,82
降龙降世,83
宝藏寻找,84
反腐斗争,85
革命斗争,85
权力斗争,85
法律伦理,86
外星人与地球人的友谊,87
情绪管理,88
亲情与牺牲,89
爱与牺牲,89
爱情与牺牲,89
生活与爱情,89
欢乐与哀伤,89
童趣与欢乐,89
爱与自由,89
爱与亲情,89
恐怖氛围,90
悬疑氛围,90
惊悚氛围,90
亲子关系,91
兄弟关系,91
持之以恒,92
执着与放手,92
种族歧视与平等,93
宽容和包容,93
道教主题,94
阴阳冲突,95
儿童权益,96
正义与责任,96
身份对调,96
生物突变,97
守护与捍卫,98
保护家园,98
艰苦环境,99
家庭矛盾与和解,100
家族矛盾,100
家族纷争与和解,100
宗教与罪恶,101
政治与权力,102
政治阴谋,102
音乐文化,103
选择与责任,104
责任与力量,104
领导与责任,104
诚实守信,105
忠诚与正义,105
忠诚与承诺,105
忠诚,105
诚实与信任,105
信任与诚实,105
诚实和开放,105
忠诚与背叛,105
忠诚与团结,105
中国文化,106
物理与科学,107
勇敢面对,108
勇气和决断,108
勇气,108
勇气与决心,108
勇气和决心,108
勇敢与冒险,108
勇气和决定,108
勇气与决断,108
勇气与挑战,108
勇敢抵抗,108
勇气与冒险,108
友谊,109
友情与牺牲,109
友谊与背叛,109
友情与合作,109
友情,109
友情与竞争,109
友情与信任,109
爱情与友谊,109
友情与成长,109
友情与团结,109
探险与挑战,110
悬疑与探索,110
探险与冒险,110
探索与冒险,110
冒险与探险,110
探险精神,110
自然与生存,111
自然与环境保护,111
信任和背叛,112
恐怖与惊悚,112
信任与背信,112
信仰与迷信,112
恐怖与神秘,112
神秘与恐怖,112
传奇人物,113
心灵成长,114
和解与成长,114
心理与健康,114
婚姻危机,115
魔法世界,116
古墓探险,117
探险,117
科学探险,117
命运与抗争,118
社会问题,119
乡村文化,120
能源危机,121
教育,122
穿越星际,123
回忆与挽回,124
国际大案,125
欲望与道德,126
人性与欲望,126
人性与道德,126
社会底层,127
航空事业,128
多元宇宙,129
人类与魔法生物的冲突,130
抗日救国,131
时间错乱,132
财富与价值观,133
社会平等,134
隐藏的宝藏,135
校园生活,136
爱情与选择,137
信仰与选择,137
道德与选择,137
宿命与选择,137
爱情与抉择,137
生活与选择,137
调查与解谜,138
智慧与谜题,138
悬疑与谜题,138
教育改革,139
战胜恐惧,140
战胜恶势力,140
居住环境,141
成功与失败,142
公益与救助,143
探索真相,144
人性的阴暗面,145
人性的挣扎,145
班庄·比辛达拿刚的导演风格,146
时空错位,147
病毒爆发,148
笑料,149
笑料百出,149
魔法与超自然,150
神秘与魔法,150
自然美景,151
挑战与克服困难,152
挫折与挑战,152
苦难与抗争,152
挑战与胜利,152
面对困境与挑战,152
困境与挑戰,152
英勇无畏,153
正邪交锋,154
家庭秘密,155
背叛与报复,156
逆袭与改变,156
跨国重逢,157
自我发现,158
超自然现象,158
灵异现象,158
病毒传播,159
机器人格斗,160
人与机器的斗争,160
英雄与救赎,161
家国荣誉,162
民族荣誉,162
音乐与情感,163
音乐与舞蹈,163
成长痛苦,164
警察与侦探,165
身份追寻,165
侦探推理,165
民族抗战与团结,166
人类与生化病毒的关系,167
反恐精英,168
搞笑元素,169
恐怖元素,169
神秘力量,170
超能力,170
艺术与音乐,171
农村与城市的差异,172
童年回忆,173
时间与回忆,173
时间观念,173
灵魂互换,174
家庭破裂与重建,175
支持和鼓励,176
家庭支持与励志,176
黑暗势力与正义,177
误入江湖,178
冒险,178
逃脱险境,178
金钱欲望,179
真相与谎言,180
人类与生化危机的抗争,181
网络安全,182
奇门遁甲,183
江湖武侠,183
探案与智慧,184
军事行动,185
军事题材,185
士兵心理,185
军事战略,185
时空轮回与改变命运,186
未来预言,186
自我成长与发现,187
自我成长,187
自信,187
自卑与自信,187
自我发现与成长,187
自我成长与挑战,187
自信与成长,187
民间故事,188
神秘氛围,189
内心世界,189
接受和包容,190
道歉与原谅,190
恶与善的较量,191
宇宙间的战争,192
汽车文化,193
勇气与信念,194
信念与勇气,194
团结与信念,194
坚定信念,194
竞争与合作,195
团队协作,195
团队合作,195
黑暗喜剧,196
黑暗幽默,196
正义与法律,197
道德与法律,197
法律与正义,197
奇幻世界,198
女性力量与平等,199
人与自然,200
人与自然和谐共处,200
恶搞与搞笑,201
搞笑,201
善恶抉择,202
选择与后果,202
国家荣誉与使命,203
舆论压力,204
死亡审判,205
幽默调和,206
惩恶扬善,207
反腐倡廉,207
珍惜生命,208
身份错置,209
失忆,209
身份迷失,209
恶灵附身,210
动物与人类和谐共处,211
